"name","chambers"
"Iowa, US","{2565,491,113,113,491,491,491,491,113,491,113,113,113,491,113,113,113,113,113,113,491,113,113,113,113,113,491,491,113,491,113,491,113,491,491,491,491,113,113,113,113,113,113,113,491,113,113,491,7120,113,113,491,113,491,113,113,113,7119,491,113,491,491,491,491,491,491,491,7110,7111,7117,491,491,491,491,7112,491,7118,491,491,491,491,491,491,491,491,491,491,491,491,21,491,491,491,491,491,491,491,491,491,491,491,491,491,491,491,113,491,491,113,491,491,113,491,491,491,491,491,491,491,491,113,491,491,113,491,491,491,491,113,113,113,113,491,491,7116,491,113,491,491,7115,491,491,7120,491,491,7120,491,7114,491,491,491,491,491,491,491,491,491,491,113,113,491,113,113,491}"
"Florida, US","{235,235,682,682,682,682,682,682,682,682,682,682,682,682,682,682,682,682,682,682,682,682,682,682,682,682,682,682,7045,7039,682,682,682,682,682,322,682,682,682,682,682,682,235,682,235,235,235,235,682,682,235,235,682,682,235,682,682,682,682,682,682,682,235,682,235,682,682,682,682,682,682,682,682,682,682,682,682,682,682,7052,682,682,235,682,682,682,682,235,235,682,235,235,682,682,682,682,682,682,682,682,682,235,682,682,682,682,682,682,682,682,682,235,7041,7055,7055,7055,7055,7055,7053,682,7043,682,7047,7042,682,682,682,682,682,682,682,682,682,682,682,682,682,682,682,682,682,682,682,682,682,235,682,2562,682,682,682,682,682,682,235,682,235,235,235,235,235,235,235,235,235,235,235,235,235,235,235,235,235,235,235}"
"Connecticut, US","{1101,1101,1101,1101,1101,1101,1101,227,1101,7004,6998,7018,1101,1101,1101,1101,1101,1101,1101,1101,1101,581,1101,2561,581,581,581,1101,1101,581,1101,1101,581,1101,1101,581,1101,1101,1101,581,1101,581,581,581,581,581,1101,581,1101,1101,1101,1101,1101,1101,1101,1101,1101,1101,1101,581,581,1101,581,1101,1101,1101,1101,581,1101,581,7018,581,1101,1101,1101,1101,1101,1101,1101,581,1101,1101,1101,581,1101,581,1101,581,1101,1101,1101,1101,581,1101,1101,1101,1101,1101,1101,581,1101,581,1101,1101,7011,1101,581,1101,7007,581,1101,7014,1101,1101,1101,6994,1101,1101,1101,1101,1101,581,581,1101,1101,1101,1101,1101,1101,1101,581,1101,581,1101,1101,1101,1101,1101,1101,1101,1101,1101,1101,1101,1101,1101,1101,1101,1101,1101,1101,1101,1101,1101,1101,1101,7010,1101,1101,1101,1101,1101,1101,1101,1101,1101,1101,1101,1101,581,1101,1101,1101,1101,1101,581,1101,1101,1101,1101,1101,581,1101,1101,1101,1101,1101,1101,1101,6999,1101,7018,1101,1101,1101,7017,1101,1101,1101,1101,1101}"
"New Brunswick, Canada","{219,219,219,219,219,219,219,219,219,219,219,219,219,219,219,219,219,219,219,219,219,219,219,219,219,219,219,219,219,219,219,219,219,219,219,219,219,219,219,219,219,219,219,219,219,219,219}"
"Michigan, US","{798,798,798,798,798,798,798,798,798,798,703,798,703,798,703,798,703,798,798,703,798,798,798,798,703,798,798,798,7235,798,7253,798,798,798,798,798,798,798,798,820,798,798,798,798,798,798,798,798,703,798,7244,798,798,703,798,798,703,2574,7253,798,798,798,798,703,798,798,798,798,703,703,798,798,798,703,703,703,798,798,798,798,703,703,798,798,798,798,798,798,798,798,703,798,798,703,703,798,703,798,798,798,798,7236,703,703,798,798,798,703,798,703,798,798,798,798,798,703,798,703,703,798,703,798,703,798,798,703,703,798,703,798,703,798,798,703,798,703,798,798,798,7242,798,7249,7252,798,7250,798,798,798,798,798,798,798,798,7251,798,798,7253,798,798}"
"Georgia, US","{961,434,961,961,961,961,961,961,961,545,961,961,2563,961,7520,961,961,961,961,961,961,961,961,961,961,961,961,961,7528,7528,7528,7528,961,961,545,961,961,961,961,961,961,961,961,961,961,961,961,961,961,545,961,961,961,961,961,961,961,961,961,961,961,961,961,961,961,961,961,961,961,961,961,961,961,961,961,961,961,961,961,961,961,961,961,961,961,961,545,961,961,961,961,961,961,961,961,961,961,7525,961,7527,7526,7519,961,961,961,961,961,961,961,961,961,961,545,545,545,545,545,545,545,545,545,545,545,961,545,961,961,545,545,545,545,545,961,545,545,961,961,545,961,545,545,545,545,545,545,545,545,545,545,545,545,545,545,961,961,961,961,961,961,961,961,545,961,961,961,961,961,961,961,961,961,961,961,545,961,961,961,961,961,961,961,961,961,961,961,545,961,961,961,961,961,961,961,961,961,961,961,961,961,961,961,961,7528,961,961,961,545,545,545,961,545,545,545,545,545,545,961,545,961,961,961,961,545,545,7522,7523,545,545,7521,545,7518,961,961,961,961,961,961,961,961,961,961,961,961,961,961,961,961,961,961,961,961,961}"
"San Jose, California, US","{279,279,279,279,279,279,279,279,279,279,279}"
"Houston, Texas, US","{236,236,236,236,236,236,236,236,236,236,236,147,236,236,236,236,236}"
"Allegheny County, Pennsylvania, US","{89,89,89,308,89,89,89,89,89,694,89,89,89,89,89,89,89}"
"Montgomery County, Pennsylvania, US","{641,580,918,641,641}"
"Boston, Massachusetts, US","{189,189,189,189,189,189,189,189,189,189,189,189,690,189}"
"Austin, Texas, US","{369,369,369,369,369,369,369,369,369,369,369}"
"Illinois, US","{1082,1082,7091,1082,1002,7099,1002,1082,1002,1002,1002,1082,1002,1002,1082,1082,1082,1082,1002,1002,1002,1082,1002,1082,1002,1082,1002,1082,1082,1002,1082,1002,1002,864,1082,1082,1002,1002,1002,7093,1002,1082,1082,1082,1082,1082,1082,1082,1082,1082,7090,1082,1002,1082,1002,1082,1082,1082,1082,7097,7098,1082,7096,1082,1082,1082,1082,1082,1082,1082,1082,1082,1082,1082,1082,1082,7089,1082,1082,1082,1082,1082,1082,1082,1082,1082,1082,1082,1082,1082,1002,1082,1082,1082,1082,1082,1082,1082,1082,1082,1082,1082,1082,7094,1082,1082,7099,1082,1082,1002,1082,1082,1082,1082,1082,1082,1002,1082,1082,1082,1082,1082,1082,1082,1082,1082,1082,1082,1082,1002,1082,1082,1082,1082,1082,1002,1082,1082,1082,1002,1082,1082,1082,1002,7099,1082,1082,1082,1002,1082,1002,1002,7092,1002,1002,1002,1002,1082,1082,1002,1082,1002,1002,1082,1002,1002,1002,1002,1002,1002,1082,1082,1002,1082,1002,1002,7095,2567,1002,1082,1002,1002,1002,1082,1082,1002,1002,1002,7099,7099,1002,1002,1002,1002}"
"Rhode Island, US","{840,840,50,840,50,840,840,840,840,840,840,50,840,840,50,7397,840,840,7394,840,840,50,840,840,840,50,7398,50,840,840,840,840,7393,840,840,840,840,50,840,840,50,840,50,50,50,840,50,7392,840,840,50,840,50,840,50,840,840,50,50,840,2687,50,50,50,50,840,50,840,840,50,50,50,50,840,840,840,7395,840,50,50,840,840,840,840,50,50,840,840,840,840,840,50,7399,840,840,50,840,7399,50,50,50,840,840,840,7396,7399,451,840,840,840,840,840,840,840,840,50,840,840,840,840,840,840,840,840,7390}"
"Omaha, Nebraska, US","{889,889,889,889,889,889,889,834}"
"Wichita, Kansas, US","{870,870,870,870,870,870,870}"
"Missouri, US","{78,238,78,78,183,238,238,238,238,238,238,238,78,238,238,238,238,238,238,238,238,238,238,238,238,238,238,238,238,238,238,238,238,238,238,238,238,238,238,238,238,238,238,238,238,238,238,238,238,238,238,238,238,238,238,238,238,238,238,238,238,238,238,7257,7258,238,238,238,238,238,238,238,238,238,238,238,238,238,238,238,7265,7259,238,7265,7265,238,238,238,238,7261,7263,7260,7262,7264,7265,7255,238,7265,78,238,238,238,238,238,238,78,238,238,238,238,238,238,78,2576,238,238,238,238,238,238,238,238,238,238,238,238,238,238,238,238,238,238,238,238,238,238,238,238,238,238,238,238,238,238,238,238,238,238,78,78,238,78,78,238,78,78,238,78,238,78,238,78,78,78,238,238,78,78,78,78,78,238,78,78,78,78,78,238,238,78,238,78,78,238,238,238,238,238,238,238,238,238,238,238,238,238,238,238,238,238,238,78,78,238,238,78,238,238,238,238,238,238}"
"Berkeley, California, US","{775,775,775,775,775,775,775,484,775}"
"Tasmania, Australia","{547,547,819,819,819,547,819,819,819,819,819,547,547,819,819,819,547,547,819,547,547,819,547,819,819,547,819,819,819,547,819,547,819,819,819,547,547,819,819,819}"
"Western Australia","{804,804,804,804,804,804,804,804,804,804,804,804,804,804,804,804,804,804,804,804,804,201,201,201,201,804,201,201,201,201,201,804,201,201,201,804,201,201,201,804,201,201,201,804,804,201,201,201,201,201,201,201,804,201,804,201,804,804,804,804,804,804,804,804,804,201,804,804,804,804,804,804,201,201,804,804,804,804,804,804,201,804,804,201,804,804,201,804,201,804,201,201,804,804,804}"
"Fort Lauderdale, Florida, US","{552,552,552,552,552}"
"Buffalo, New York, US","{534,534,534,534,534,534,534,534,307,534}"
"Prince Edward Island, Canada","{1085,1085,1085,1085,1085,1085,1085,1085,1085,1085,1085,1085,1085,1085,1085,1085,1085,1085,1085,1085,1085,1085,1085,1085,1085,1085}"
"Alberta, Canada","{734,734,734,734,734,734,734,734,734,734,734,734,734,734,734,734,734,734,734,734,734,734,734,734,734,734,734,734,734,734,734,734,734,734,734,734,734,734,734,734,734,734,734,734,734,734,734,734,734,734,734,734,734,734,734,734,734,734,734,734,734,734,734,734,734,734,734,734,734,734,734,734,734,734,734,734,734,734,734,734,734,734,734,734,734,734}"
"Atlanta, Georgia, US","{591,591,591,591,591,591,591,591,352,591,591,591,591,591,591,591,591}"
"Jersey City, New Jersey, US","{12,12,12,12,12,12,12,754,12,12}"
"British Columbia, Canada","{455,455,455,455,455,455,455,455,455,455,455,455,455,455,455,455,455,455,455,455,455,455,455,455,455,455,455,455,455,455,455,455,455,455,455,455,455,455,455,455,455,455,455,455,455,455,455,455,455,455,455,455,455,455,455,455,455,455,455,455,455,455,455,455,455,455,455,455,455,455,455,455,455,455,455,455,455,455,455,455,455,455,455,455,455,455,455}"
"Tennessee, US","{673,673,673,7435,673,673,673,673,7429,673,103,673,673,673,673,673,673,673,673,673,673,673,673,673,673,673,673,103,673,673,673,7433,673,673,673,673,103,673,673,673,103,673,673,673,673,673,673,7435,103,673,103,673,673,7435,673,103,673,103,673,673,673,673,673,103,673,673,103,673,103,103,103,673,103,7434,673,673,103,103,103,103,673,103,673,673,7432,673,673,103,673,7428,103,7427,103,7435,103,673,103,344,103,103,103,103,7431,673,673,673,673,103,673,103,673,103,673,673,7430,673,7435,673,673,103,673,673,673,673,7426,673,673,673,673,673,673,673,673,673,673,673,673,673,673,673,103,673,673,673,673,673,673}"
"Stockton, California, US","{563,563,563,563,457,563,563}"
"Oregon, US","{309,444,309,309,444,309,309,309,309,309,309,309,309,309,309,309,309,309,444,444,444,444,444,444,444,444,444,309,444,444,444,444,309,444,444,444,444,444,444,444,7531,444,444,444,444,444,444,444,7387,7391,7382,7405,7532,7530,7532,7532,309,309,444,309,309,309,309,309,309,309,309,309,309,309,309,309,309,309,7389,309,309,309,309,309,309,309,309,309,309,309,309,309,309,309,309,309,309,309,309,309,309,724,309,309,309}"
"Charleston, South Carolina, US","{912,912,912,912,912,912,912,912,912,912,912,912}"
"Commonwealth of Australia","{895,749,895,895,895,895,749,749,895,749,895,895,749,749,749,895,895,895,895,749,895,749,895,749,895,895,895,749,749,749,895,895,749,749,895,895,749,895,895,749,749,895,895,749,749,895,895,895,895,749,895,749,749,895,895,749,895,895,749,749,749,749,749,749,749,749,895,895,749,749,895,895,749,895,749,749,749,749,749,749,749,749,749,749,749,749,749,749,895,749,749,749,749,749,749,749,749,749,749,749,749,749,749,895,749,749,749,749,749,895,749,749,895,749,749,749,749,749,749,749,749,749,749,749,749,749,749,749,749,749,749,749,749,749,749,749,749,749,749,749,749,749,749,749,749,749,749,749,749,749,749,749,749,749,749,749,749,749,749,749,749,749,749,749,749,749,749,749,749,749,749,749,749,749,749,749,749,749,895,749,749,749,749,895,749,749,749,749,749,749,749,895,749,895,895,895,749,749,895,895,749,895,895,895,895,895,895,895,895,895,895,895,895,895,895,895,895,895,895,895,895,895,895,749,895,895,895}"
"Atlantic City, New Jersey, US","{642,358,642,642,642,642,642,642,642,642}"
"Virginia Beach, Virginia, US","{887,887,887,887,887,887,887,887,887,887,887}"
"New York, US","{158,445,158,158,158,158,158,158,158,158,158,158,158,158,158,158,7319,158,445,158,445,445,445,158,158,158,445,158,445,158,445,7323,445,445,158,445,158,445,158,445,158,445,158,158,158,158,158,445,158,158,445,445,158,158,158,7329,158,158,445,158,445,158,158,158,158,158,445,445,158,158,158,158,158,445,158,158,445,158,445,158,445,158,158,158,158,158,158,445,445,158,158,158,445,158,158,158,158,158,445,445,158,445,158,158,158,445,158,158,445,158,445,158,445,158,445,445,158,445,445,158,158,158,7329,158,445,7329,445,445,158,7329,7320,158,445,445,7322,178,158,158,445,158,158,445,158,445,445,445,445,158,445,158,158,158,445,158,158,158,7329,7324,158,158,158,158,158,158,158,158,7328,7329,7329,158,158,158,158,445,158,158,445,445,2583,158,158,158,158,158,445,158,445,158,158,158,158,158,158,158,158,158,445,158,158,445,158,158,158,158,158,158,158,158,158,158,158,158,445,158,7321,158,158,158,158,158,158,7327,158,158,158,445,158,445,158}"
"Oakland, California, US","{211,211,211,211,133,211,211,211,211}"
"Honolulu, Hawaii, US","{683,683,629,683,683,683,683,683,683,683}"
"Henderson, Nevada, US","{313,504,504,504,504}"
"Phoenix, Arizona, US","{1080,1080,1080,1080,1080,1080,1080,1021,1080}"
"Virginia, US","{259,549,259,259,549,259,549,259,259,259,259,259,259,549,259,259,259,259,259,259,259,549,259,259,259,259,549,259,259,259,259,259,259,259,259,259,549,259,259,259,259,259,259,259,549,259,259,259,259,259,7466,7462,549,7461,259,259,259,549,549,259,549,7468,7467,7465,259,259,549,549,259,259,7463,259,549,259,259,7469,259,259,549,549,259,549,549,259,259,549,259,549,259,259,259,7470,259,259,7470,7464,549,259,549,549,549,259,549,549,259,259,259,259,259,549,259,259,259,549,259,549,259,2592,549,61,549,259,549,549,549,259,259,259,259,259,549,549,549,259,549,259,7460,259,259,259,259,259,259,259,259,549,259,259,259,259,259,259,7470,259,259}"
"Maryland, US","{842,842,842,842,842,842,842,624,624,842,842,624,842,842,624,624,624,624,624,624,624,624,624,624,624,624,624,624,624,624,624,624,624,624,624,624,624,624,624,624,7188,624,624,624,624,624,624,624,624,624,624,624,624,624,624,624,624,624,624,624,624,842,624,7196,624,624,624,624,624,624,624,842,624,624,624,624,624,7198,842,624,842,842,624,842,842,7195,842,842,7194,7190,842,842,624,842,624,7189,624,7198,624,624,7198,842,842,624,624,624,624,624,842,842,624,624,624,624,624,624,624,624,624,624,624,624,624,7198,7198,7192,624,7197,7193,842,842,842,624,624,624,624,624,624,624,624,842,624,624,624,842,624,624,624,624,624,624,624,624,624,624,624,624,624,624,624,624,624,624,624,624,624,624,624,624,624,624,842,624,624,624,624,624,624,624,624,624,842,375,842,842,842,842,842,842,842,842,842,842,624,624,624,624,624,842,842,842,624,624,2573}"
"Mobile, Alabama, US","{572,424,572,572,572,572,572,572,572,572,572,572}"
"South Dakota, US","{867,867,867,867,867,7414,7421,7418,7422,7422,7422,964,964,964,964,964,964,964,964,7415,7413,7419,964,7416,964,964,964,964,964,964,964,964,964,964,964,867,867,867,867,867,867,867,867,867,867,867,867,867,867,867,867,867,867,867,867,867,867,867,867,867,867,867,867,867,867,867,867,867,867,867,867,867,867,867,867,867,867,867,867,867,867,867,867,867,867,867,867,867,867,867,867,867,867,867,867,867,867,867,867,867,964,964,964,964,268,964,964,964,964,964,2588,964,964,964,964,964,964}"
"Harrisburg, Pennsylvania, US","{944,928,93,944,944,944,944,944,944}"
"Northern Territory, Australia","{296,296,296,296,296,296,296,296,296,296,296,296,296,296,296,296,296,296,296,296,296,296,296,296,296}"
"Nova Scotia, Canada","{561,561,561,561,561,561,561,561,561,561,561,561,561,561,561,561,561,561,561,561,561,561,561,561,561,561,561,561,561,561,561,561,561,561,561,561,561,561,561,561,561,561,561,561,561,561,561,561,561,561,561,561,561,561,561}"
"New York City, New York, US","{242,242,242,242,242,242,242,242,242,1147,242,242,242,242,242,242,242,242,1151,242,242,242,242,242,426,242,242,242,242,242,242,242,2333,242,242,242,242,1150,242,242,242,2334,242,242,242,242,242,242,242,242,242,242,242,242,242,242,1149,1148,242}"
"Pittsburgh, Pennsylvania, US","{677,448,448,448,448,448,448,448,448,448}"
"South Carolina, US","{468,623,468,468,468,468,623,468,468,468,468,623,468,468,468,468,468,623,623,468,468,623,468,623,623,623,623,623,468,623,468,623,623,468,623,623,623,623,623,468,901,468,468,623,623,2587,623,623,623,623,623,623,468,468,468,468,468,468,468,468,468,468,468,468,7409,468,468,468,468,468,468,468,468,468,468,468,468,468,468,468,468,468,468,468,468,468,468,468,468,468,468,468,468,468,468,468,468,468,468,468,468,468,468,468,468,468,468,468,468,7410,468,7411,468,468,7412,7412,7412,7412,7412,623,7412,623,623,468,468,468,468,468,468,623,468,468,468,468,468,468,468,7401,468,468,468,468,468,468,468,7412,468,623,623,623,623,623,623,468,468,623,468,468,623,468,468,468,468,623,623,468,468,623,7403,623,468,468,468,468,623,468,468,623,468,468,468,623,7406,468,7404,7407,7408,468}"
"Toledo, Ohio, US","{996,996,996,317,996,996,996,996,996,996,996,996,996}"
"Orlando, Florida, US","{525,525,525,525,525,587,525}"
"Washington, US","{762,762,762,762,62,62,62,62,762,62,62,762,762,762,762,62,62,762,897,62,62,62,62,62,762,62,62,62,62,62,762,62,62,62,762,62,7474,62,62,62,62,62,62,62,62,762,62,62,762,62,7482,762,62,62,62,62,762,62,762,62,762,762,62,62,762,62,762,7482,62,62,62,62,62,62,62,62,62,62,762,2594,762,62,62,762,62,62,62,62,762,762,762,62,62,62,62,62,762,62,62,62,762,762,762,62,7479,62,62,62,762,62,62,62,762,62,62,762,62,762,762,62,7482,62,62,762,62,762,62,62,762,7480,62,62,62,7475,7477,62,762,62,62,762,62,62,762,62,762,62,62,762,7478,62,762,7476,762,62,762,62,762,62,62,7472,7481}"
"Cincinnati, Ohio, US","{621,621,621,621,621,621,621,621,880,621}"
"Chester County, Pennsylvania, US","{509,355,509,910,509}"
"Montana, US","{628,2789,942,628,942,942,942,942,942,942,942,942,942,942,942,942,628,942,628,628,942,942,942,942,628,942,942,628,942,628,942,942,942,942,942,942,942,942,942,7272,7273,7278,7275,7271,7276,942,942,7270,942,942,942,942,942,942,942,942,942,942,942,942,942,942,942,942,942,942,942,942,942,628,628,628,628,628,942,942,628,628,942,942,628,942,628,628,942,942,942,942,942,942,942,942,942,942,942,942,942,942,7559,7559,7559,942,7559,942,942,7559,942,942,942,942,942,942,942,942,942,942,942,942,942,628,628,628,628,942,942,628,628,942,628,628,942,942,742,628,628,628,628,628,628,628,942,942,628,628,628,628,628,628,628,942,628,628,628,942,942,942,628,628,942,7274,628,628,628,628,628}"
"Mississippi, US","{4,4,811,361,4,4,4,361,361,361,361,361,4,4,361,361,361,4,361,361,4,361,4,361,4,4,4,361,4,361,4,361,4,4,361,361,4,4,361,4,4,4,4,361,4,4,4,4,4,4,4,361,4,4,4,4,4,4,361,361,4,4,4,4,7539,361,4,4,4,4,361,361,4,4,4,361,4,4,4,4,4,4,4,4,4,361,4,4,4,4,4,361,4,361,4,361,4,4,4,4,4,4,361,4,4,361,4,361,4,4,4,4,4,2577,361,4,361,4,4,361,361,4,7541,361,7538,7544,361,4,4,7543,4,361,4,7547,7547,4,361,4,4,4,4,361,4,4,7547,4,7542,7546,4,4,7540,7537,4,4,4,4,4,4,4,4,361,4,4,4,4,361,361,4,4,4,4,361,361,4,4,4,4,4,4,4,361,4,361,4,4,4}"
"Jacksonville, Florida, US","{589,589,589,589,589,589,589,589,589,589,589,31,589,589,589,589,589,589,589}"
"New Orleans, Louisiana, US","{302,302,302,1062,302,302,302,302}"
"Idaho, US","{886,663,663,886,7079,886,886,663,7085,886,886,7086,886,886,886,886,886,663,663,886,663,886,663,886,663,7078,886,663,663,886,663,663,663,2566,663,663,663,663,886,663,886,7081,886,886,886,886,886,886,886,886,886,886,886,886,886,886,663,886,663,663,663,663,663,663,663,663,663,663,663,663,886,886,886,7084,886,886,886,886,886,886,886,886,886,886,886,886,886,886,886,886,886,886,886,886,886,886,886,886,886,886,886,663,663,663,886,7080,7087,886,886,7088,7088,7088,7082,663,611,886,886,886,886}"
"South Australia","{714,869,714,869,869,869,869,869,869,714,714,714,714,714,714,869,714,714,714,714,714,714,714,714,714,714,714,714,714,714,869,714,714,714,714,714,714,714,714,714,714,869,714,869,714,869,869,714,714,869,869,714,714,714,714,714,714,869,714,714,869,714,869,869,714,869,869,714,869}"
"Albuquerque, New Mexico, US","{275,275,275,275,275,275,404,275,275,275}"
"Quebec, Canada","{512,512,512,512,512,512,512,512,512,512,512,512,512,512,512,512,512,512,512,512,512,512,512,512,512,512,512,512,512,512,512,512,512,512,512,512,512,512,512,512,512,512,512,512,512,512,512,512,512,512,512,512,512,512,512,512,512,512,512,512,512,512,512,512,512,512,512,512,512,512,512,512,512,512,512,512,512,512,512,512,512,512,512,512,512,512,512,512,512,512,512,512,512,512,512,512,512,512,512,512,512,512,512,512,512,512,512,512,512,512,512,512,512,512,512,512,512,512,512,512,512,512,512,512,512}"
"Arizona, US","{965,965,965,965,965,965,965,965,965,965,965,965,965,965,263,965,965,965,837,837,6918,837,837,837,837,837,837,837,965,837,837,837,837,837,837,6898,837,837,837,837,6896,837,965,837,837,837,837,965,837,837,837,965,965,965,965,965,965,965,6918,6918,6918,965,6918,965,965,6913,965,837,6897,6893,965,965,6915,965,965,965,965,965,965,965,965,965,965,965,6900,837,965,965,965,965,965,965,6901,965,965,965,965,965,965,965,965}"
"Ohio, US","{136,136,136,136,136,136,136,136,136,136,198,136,136,136,136,136,136,136,136,136,136,198,136,198,782,136,136,136,136,136,136,136,198,136,136,136,136,2584,198,198,198,198,198,198,198,198,198,198,198,198,198,198,198,198,198,198,198,198,198,198,198,198,198,198,198,198,198,198,198,198,198,198,198,198,198,198,198,198,198,198,198,198,198,198,198,198,198,198,198,198,198,7355,198,198,7357,7361,7362,7356,198,198,198,7360,198,7358,7363,7359,198,7364,7364,7364,198,198,198,198,198,198,198,7364,198,7364,198,198,198,198,198,198,198,198,198,198,198,198,198,198,198,198,198,198,198,198,198,198,198,198,198,198,198,136}"
"Hawaii, US","{721,721,7064,721,721,721,7076,111,721,7074,721,721,721,721,721,721,721,721,721,721,721,721,721,721,741,721,741,741,741,721,741,721,721,741,741,721,721,721,741,741,7076,721,741,741,2564,721,7076,721,741,741,721,7071,7068,7069,721,741,7067,721,7073,741,721,721,741,741,721,721,741,741,741,721,741,721,721,721,721,7070,721,721,721,741,721,721,721,741,721,721,721,741,741}"
"Nashville, Tennessee, US","{1056,1056,1056,1056,1056,1056,1056,37,1056,1056,1056,1056,1056,1056,1056,1056,1056,1056,1056,1056,1056,1056,1056,1056,1056,1056,1056,1056,1056,1056,1056,1056,1056,1056,1056,1056,1056,1056,1056,1056,1056,1056}"
"Seattle, Washington, US","{612,612,892,612,612,612,612,612,612,612}"
"Fresno, California, US","{334,334,334,334,521,334,334,334}"
"Toronto, Ontario, Canada","{60,807,807,807,807,807,807,807,807,807,807,807,807,807,807,807,807,807,807,807,807,807,807,807,807,807}"
"Texas, US","{233,233,233,233,233,233,233,233,7440,233,406,233,406,233,7442,233,406,233,406,233,406,406,406,233,406,233,233,233,233,233,233,233,7445,233,233,233,406,233,233,233,233,233,7447,233,233,233,233,233,233,233,233,233,406,233,233,233,233,233,233,233,233,233,233,233,233,233,7447,233,233,233,233,233,233,233,233,233,233,233,233,233,233,233,233,406,406,233,233,233,233,233,233,233,233,233,233,233,406,233,2590,406,233,234,233,233,233,7441,406,233,233,7447,233,233,7445,7445,406,7439,406,233,233,233,7437,233,406,233,233,233,7447,233,406,406,233,406,233,233,233,406,233,233,233,233,406,7443,233,233,406,233,233,406,233,233,406,406,406,233,233,233,233,233,233,233,233,7444,233,233,233,233,233,233,233,233,233,233,233,233,233,233,233,233,7438,233,233,406,233,233,233,233,233,233,233,406,233,233,233,406,233,233,233}"
"Sioux Falls, South Dakota, US","{370,370,370,370,370,538,370,370,370}"
"Cleveland, Ohio, US","{108,108,108,108,108,108,585,108,108,108,108,108,108,108,108,108,108,108}"
"Long Beach, California, US","{125,125,125,125,125,125,125,125,125,374}"
"Lexington, Kentucky, US","{959,959,959,959,959,959,959,959,959,959,959,959,959,240,959,959}"
"United Kingdom of Great Britain and Nort","{779,779,779,779,779,779,779,779,779,779,779,779,779,779,779,779,779,779,779,779,779,779,779,779,779,779,779,779,779,779,779,779,779,779,779,779,779,779,779,779,779,779,779,779,779,779,779,779,779,779,779,779,779,779,779,779,779,779,779,779,779,779,779,779,779,779,779,779,779,779,779,779,779,779,779,779,779,779,779,779,779,779,779,779,779,779,779,779,779,779,779,779,779,779,779,779,779,779,779,779,779,779,779,779,779,779,779,779,779,779,779,779,779,779,779,779,779,779,779,779,779,779,779,779,779,779,779,779,779,779,779,779,779,779,779,779,779,779,779,779,779,779,779,779,779,779,779,779,779,779,779,779,779,779,779,779,779,779,779,779,779,779,779,779,779,779,779,779,779,779,779,779,779,779,779,779,779,779,779,779,779,779,779,779,779,779,779,779,779,779,779,779,779,779,779,779,779,779,779,779,779,779,779,779,779,779,779,779,779,779,779,779,779,779,779,779,779,779,779,779,779,779,779,779,779,779,779,779,779,779,779,779,779,779,779,779,779,779,779,779,779,779,779,779,779,779,779,779,779,779,779,779,779,779,779,779,779,779,779,779,779,779,779,779,779,779,779,779,779,779,779,779,779,779,779,779,779,779,779,779,779,779,779,779,779,779,779,779,779,779,779,779,779,779,779,779,779,779,779,779,779,779,779,779,779,779,779,779,779,779,779,779,779,779,779,779,779,779,779,779,779,779,779,779,779,779,779,779,779,779,779,779,779,779,779,779,779,779,779,779,779,779,779,779,779,779,779,779,779,779,779,779,779,779,779,779,779,779,779,779,779,779,779,779,779,779,779,779,779,779,779,779,779,779,779,779,779,779,779,779,779,779,779,779,779,779,779,779,779,779,779,779,779,779,779,779,779,779,779,779,779,779,779,779,779,779,779,779,779,779,779,779,779,779,779,779,779,779,779,779,779,779,779,779,779,779,779,779,779,779,779,779,779,779,779,779,779,779,779,779,779,779,779,779,779,779,779,779,779,779,779,779,779,779,779,779,779,779,779,779,779,779,779,779,779,779,779,779,779,779,779,779,779,779,779,779,779,779,779,779,779,779,779,779,779,779,779,779,779,779,779,779,779,779,779,779,779,779,779,779,779,779,779,779,779,779,779,779,779,779,779,779,779,779,779,779,779,779,779,779,779,779,779,779,779,779,779,779,779,779,779,779,779,779,779,779,779,779,779,779,779,779,779,779,779,779,779,779,779,779,779,779,779,779,779,779,779,779,779,779,779,779,779,779,779,779,779,779,779,779,779,779,779,779,779,779,779,779,779,779,779,779,779,779,779,779,779,779,779,779,779,779,779,779,779,779,779,779,779,779,779,779,779,779,779,779,779,779,779,779,779,779,779,779,779,779,779,779,779,779,779,779,779,779,779,779,779,779,779,779,779,779,779,779,779,779,779,779,779,779,779,779,779,779,779,779,779,779,779,779}"
"Rochester, New York, US","{626,626,626,626,359,626,626,626,626,626}"
"Chula Vista, California, US","{606,606,606,606,606}"
"Saskatchewan, Canada","{1000,1000,1000,1000,1000,1000,1000,1000,1000,1000,1000,1000,1000,1000,1000,1000,1000,1000,1000,1000,1000,1000,1000,1000,1000,1000,1000,1000,1000,1000,1000,1000,1000,1000,1000,1000,1000,1000,1000,1000,1000,1000,1000,1000,1000,1000,1000,1000,1000,1000,1000,1000,1000,1000,1000,1000,1000,1000,1000,1000,1000}"
"Kansas City, Missouri, US","{206,206,206,206,206,206,206,206,206,206,206,906,206}"
"Yukon, Canada","{576,576,576,576,576,576,576,576,576,576,576,576,576,576,576,576,576,576,576}"
"Wisconsin, US","{487,115,487,115,115,487,115,115,487,487,115,115,115,115,115,7504,115,487,487,115,115,115,115,115,487,115,115,115,115,115,115,115,115,115,115,487,487,487,487,487,115,487,487,487,7505,7506,7507,7507,7507,115,115,115,115,115,115,115,115,115,115,115,115,115,115,115,115,115,115,115,115,115,115,115,115,115,115,115,115,115,115,115,115,115,115,115,115,115,115,115,382,115,115,115,7500,487,115,487,2595,115,487,115,487,487,115,115,115,115,487,115,115,487,115,487,115,115,115,115,115,115,7496,487,487,115,487,115,487,7497,115,115,7499,115,115,115,487,115,115,115,7503,487,115,487,487,487,115,115,115}"
"Oxnard, California, US","{519,519,519,519,519,519,519}"
"Riverside, California, US","{619,619,619,619,619,619,619}"
"Charlotte, North Carolina, US","{124,124,124,124,124,124,124,124,124,124,124,124}"
"Dallas, Texas, US","{922,922,933,922,922,922,922,922,922,922,922,922,922,922,922}"
"Santa Ana, California, US","{573,573,573,573,755,573,573}"
"Birmingham, Alabama, US","{878,878,878,878,878,878,878,878,878,878,878,995,878}"
"Los Angeles, California, US","{450,450,450,450,450,450,450,68,450,450,450,450,450,450,450,450}"
"Kansas, US","{946,946,946,946,946,946,946,332,946,332,332,946,332,946,332,946,332,332,946,332,332,332,332,332,332,332,332,332,332,946,946,184,332,332,332,332,332,332,946,332,946,332,332,946,332,332,332,332,332,332,332,332,332,332,946,332,332,332,332,332,332,7123,332,332,332,946,946,946,946,946,332,7125,332,332,332,7128,332,332,332,332,332,332,332,332,332,332,946,332,332,332,332,332,332,332,332,332,332,332,7131,332,332,332,332,332,7131,7130,7124,946,7122,946,332,332,332,946,946,946,946,946,332,946,946,946,946,332,946,332,946,332,332,332,332,332,332,332,332,332,332,332,7131,332,332,332,332,332,332,332,332,332,332,332,332,332,332,332,7129,332,2569,332,332,332,332,332,332,332,332,332,332,332,332,7127,332,332,332,332,332,946,946,946}"
"New Zealand","{857,857,857,857,857,857,857,857,857,857,857,857,857,857,857,857,857,857,857,857,857,857,857,857,857,857,857,857,857,857,857,857,857,857,857,857,857,857,857,857,857,857,857,857,857,857,857,857,857,857,857,857,857,857,857,857,857,857,857,857,857,857,857,857,857,857,857,857,857,857,857,857,857,857,857,857,857,857,857,857,857,857,857,857,857,857,857,857,857,857,857,857,857,857,857,857,857,857,857,857,857,857,857,857,857,857,857,857,857,857,857,857,857,857,857,857,857,857,857,857}"
"Syracuse, New York, US","{578,578,578,578,578,669,578,578,578,578,578}"
"Spokane, Washington, US","{898,898,898,898,515,898,898,898}"
"Indianapolis and Marion County, Indiana, US","{88,425,425,425,425,425,425,425,425,425,425,425,425,425,425,425,425,425,425,425,425,425,425,425,425,425}"
"Montr√©al, Quebec, Canada","{1088,1088,1088,1088,1088,1088,1088,1088,1088,1088,1088,1088,1088,1088,1088,1088,1088,1088,1088,1088,429,1088,1088,1088,1088,1088,1088,1088,1088,1088,1088,1088,1088,1088,1088,1088,1088,1088,1088,1088,1088,1088,1088,1088,1088,1088,1088,1088,1088,1088,1088,1088,1088,1088,1088,1088,1088,1088,1088,1088,1088,1088,1088,1088,1088,1088,1088,1088,1088,1088,1088,1088,1088,1088,1088,1088,1088,1088,1088,1088,1088,1088,1088,1088,1088,1088,1088,1088,1088,1088,1088,1088,1088,1088,1088,1088,1088,1088,1088,1088,1088,1088,1088}"
"Alabama, US","{792,640,792,792,792,792,792,792,792,792,941,6945,792,941,792,6942,6946,6940,792,792,792,792,792,792,792,792,792,792,792,792,792,792,792,792,792,792,792,792,792,792,792,792,941,792,792,792,792,792,941,792,792,792,792,792,792,792,792,792,792,941,941,792,792,792,792,2557,792,792,792,792,941,792,792,792,792,792,792,792,792,792,792,792,792,6938,792,6957,792,6954,792,792,792,792,6952,6967,6967,941,941,941,6967,792,941,941,941,941,941,941,941,941,941,941,941,941,941,941,941,792,792,941,941,941,941,941,941,792,792,792,792,792,792,792,792,792,941,941,792,792,792,941,941,792,792,792,792,792,792,792,792,792,6970,792,792,792,792,792}"
"Kentucky, US","{605,605,605,605,605,605,605,605,605,605,605,605,605,605,605,605,605,605,605,605,7133,605,605,605,605,745,605,605,745,605,605,745,605,605,605,745,605,7136,605,605,745,605,745,745,745,605,605,745,605,745,605,605,745,605,745,605,745,605,745,745,745,745,605,745,745,605,745,745,605,745,605,605,605,605,605,605,605,2570,745,605,745,745,605,745,605,7146,605,605,605,7135,745,745,745,605,745,7146,605,605,605,605,605,605,745,605,605,745,745,659,605,605,605,605,7138,7146,605,605,605,605,745,745,605,605,605,605,745,605,605,605,745,605,605,605,605,605,605,605,605,605,605,605,605,605,605,605}"
"Fort Collins, Colorado, US","{110,110,110,110,110,110,610}"
"Manitoba, Canada","{758,758,758,758,758,758,758,758,758,758,758,758,758,758,758,758,758,758,758,758,758,758,758,758,758,758,758,758,758,758,758,758,758,758,758,758,758,758,758,758,758,758,758,758,758,758,758,758,758,758,758,758,758,758,758,758,758}"
"Memphis, Tennessee, US","{968,968,968,968,968,968,968,968,968,968,968,968,968,409}"
"Australian Capital Territory, Australia","{132,132,132,132,132,132,132,132,132,132,132,132,132,132,132,132,132,132,132,132,132,132,132,132,132}"
"Wyoming, US","{80,784,784,784,784,784,784,80,784,784,784,80,784,784,80,131,80,80,784,80,784,80,784,784,80,784,80,80,7510,784,784,784,80,784,80,784,784,784,80,784,784,784,80,7514,7512,784,784,784,7515,7511,80,7508,80,7513,784,80,784,80,80,784,80,80,80,784,784,80,784,784,784,784,784,784,784,784,784,80,80,784,784,784,7517,784,784,784,784,784,784,7517,784,7517,7516,784,80,784,784,784,784,80,80,784,80}"
"El Paso, Texas, US","{1086,138,1086,1086,1086,1086,1086,1086,1086}"
"San Bernardino, California, US","{1033,1033,1033,87,1033,1033,1033,1033}"
"Minnesota, US","{223,708,708,708,708,708,708,708,7247,708,708,708,708,708,708,708,7326,708,708,708,708,708,708,708,708,223,708,708,223,708,223,708,708,708,708,223,223,223,223,708,223,223,223,708,708,708,708,708,708,223,708,708,708,708,708,223,223,708,708,708,708,708,7281,7283,7279,7248,7326,7326,7277,7245,7282,708,708,708,708,708,708,708,708,708,223,708,223,223,708,708,708,223,223,223,223,223,223,223,223,223,223,223,708,223,708,223,223,223,223,223,223,708,223,708,223,223,223,708,708,708,223,223,708,223,708,223,223,708,223,223,223,708,223,223,708,223,708,223,223,223,223,223,223,223,223,708,708,708,708,708,708,708,223,223,223,708,708,708,708,708,223,223,223,708,223,223,708,708,708,708,708,708,708,708,708,708,708,708,223,708,7326,708,708,708,708,708,7326,708,708,708,708,708,708,708,708,708,2575,379,708,708,708,708,708,708,7280,708,708,708,708,708,708,708,708,708,708,708,708,708,708,708,708}"
"Fort Worth, Texas, US","{377,377,377,377,377,377,377,498,377}"
"Tacoma, Washington, US","{453,453,453,453,453,453,453,453,453}"
"Vancouver, British Columbia, Canada","{22,777,777,777,777,777,777,777,777,777,777}"
"Tulsa, Oklahoma, US","{596,596,596,596,596,596,596,596,154,596}"
"Detroit, Michigan, US","{810,810,231,810,810,810,810,810,810,810}"
"Columbus, Ohio, US","{1058,1058,1058,1058,1058,1058,1058,179}"
"Denver, Colorado, US","{728,728,1010,728,728,728,728,728,728,728,728,728,728,728}"
"North Dakota, US","{7353,70,70,70,70,458,70,458,70,458,458,458,458,458,7343,7346,70,70,70,70,70,70,70,70,70,458,70,458,70,7351,70,458,70,70,458,458,70,458,70,70,70,70,70,70,70,70,70,70,70,70,70,70,70,70,70,70,70,70,70,458,458,70,458,70,2579,70,458,70,70,70,70,70,70,70,458,70,70,458,70,70,70,458,70,70,70,70,458,70,70,458,458,458,458,70,70,70,458,458,70,70,70,458,458,70,70,70,458,70,70,7353,70,7353,70,70,458,70,458,458,458,458,70,70,458,458,458,458,458,70,70,7352,70,458,70,7350,458,70,7345,70,766,458,70,70,458,7347,7349,70,7348,70,458,70,458,70,70,458,70}"
"North Carolina, US","{735,735,735,735,2578,735,329,735,735,735,735,7341,735,329,329,735,329,735,735,735,735,735,735,735,735,735,735,329,735,329,735,735,735,735,735,735,735,735,735,735,735,735,735,7344,735,735,329,735,735,735,735,329,735,735,735,329,329,7344,735,735,329,735,329,735,735,7337,7338,7344,329,735,7344,735,735,329,735,735,735,329,735,329,7344,735,7344,735,735,735,329,329,735,329,735,735,735,329,735,735,7340,735,735,7342,329,329,735,329,735,7,329,735,329,735,735,329,735,735,735,329,735,329,735,735,735,329,329,735,735,735,735,329,329,329,329,735,329,735,329,735,735,329,329,329,329,735,735,329,329,329,329,735,735,735,735,735,329,7331,329,735,735,735,7335,735,735,735,735,735,735,735,735,7334,735,735,735,735,7339,329,735,329,735,735,735,735,329,329,735,735,7336,735,735}"
"Tampa, Florida, US","{363,363,363,363,293,363,363,363}"
"United Mexican States","{923,467,467,467,467,467,467,467,923,923,923,467,923,923,923,923,923,923,923,923,923,923,923,923,923,467,467,923,923,923,467,923,923,923,923,923,923,923,923,923,923,923,923,923,923,923,923,923,923,467,467,923,467,923,923,467,923,467,923,467,467,467,923,467,923,467,923,923,467,467,923,923,467,923,923,923,923,923,923,923,923,923,923,923,923,923,923,923,485,923,923,923,923,923,923,923,923,923,923,923,923,923,923,923,923,923,923,923,923,923,923,923,923,923,923,923,923,923,923,923,923,923,923,923,923,923,923,923,923,923,923,923,923,923,923,923,923,923,923,923,923,923,923,923,923,923,923,923,923,923,923,923,923,923,923,923,923,923,923,923,923,923,923,923,923,923,923,923,923,923,923,923,923,923,923,923,923,467,467,467,467,467,923,923,467,923,923,923,923,923,923,467,923,923,923,923,923,923,923,923,923,467,467,467,467,467,467,467,467,923,923,923,923,923,923,923,923,923,923,923,923,923,923,923,923,923,923,923,923,923,923,923,923,923,923,923,923,923,923,923,923,923,923,923,923,923,923,923,923,923,923,923,923,923,923,923,923,923,923,923,467,467,467,923,467,923,923,923,923,923,923,923,467,467,923,923,923,923,923,923,923,923,923,923,923,467,467,467,467,467,467,467,467,467,467,467,467,467,467,467,467,467,467,467,467,923,923,923,923,923,923,923,923,923,923,923,923,923,923,923,923,923,923,923,923,923,923,923,923,923,923,923,923,923,923,923,923,923,923,923,923,923,923,923,923,923,923,923,923,923,923,923,923,923,923,923,923,923,923,467,923,923,467,923,923,923,923,923,923,923,923,923,923,923,923,923,923,923,923,923,923,923,923,923,923,923,923,923,923,923,923,923,923,923,923,923,923,923,923,923,923,923,923,923,923,923,923,923,923,923,923,923,923,923,923,923,923,923,923,923,923,923,923,923,923,923,467,467,923,923,923,923,923,923,923,923,923,923,923,923,923,923,923,923,923,923,923,923,467,923,923,923,923,923,467,923,467,467,467,467,467,467,467,467,467,467,467,467,467,467,467,467,467,467,467,467,467,467,467,467,467,467,467,467,467,467,467,467,467,467,467,467,467,467,467,467,467,467,467,467,467,923,923,923,923,923,923,923,923,923,923,923,923,923,923,923,923,923,923,923,923,923,923,923,923,923,923,923,923,923,923,923,923,923,923,923,923,923,923,467,467,923,923,923,923,923,923,923,923,923,923,923,467,467,923,923,923,923,923,923,923,923,923,923,923,923,923,923,923,923,923,923,923,923,923,923,923,923,923,923,923,923,923,923,923,923,923,923,923,923,923,923,923,923,923,923,923,923,923,467,467,467,923,467,923,923,923,923,923,923,923,467,923,923,923,923,923,923,923,467,467,923,923,923,923}"
"Oklahoma City, Oklahoma, US","{823,823,823,823,823,823,823,956,823}"
"San Francisco, California, US","{937,393,937,937,937,937,937,937,937,937,937,937}"
"Alaska, US","{1044,6857,1044,1044,1044,1044,1096,1096,1044,1096,1096,1044,6848,6859,1044,6850,6855,6852,1044,6862,1044,6862,1096,6862,6862,1044,1096,1044,1096,1044,6862,1044,6856,1044,1096,1096,1044,1096,1044,1096,6847,1044,1096,1044,1096,1096,1044,1096,2556,1096,1044,1044,1044,1044,1044,1044,1096,1044,849,1044,1096,1044,1044,1044,1044,1044,1044,1044,1044,1044,1096,1044,1096,1044,6858,1044}"
"Tucson, Arizona, US","{657,657,657,657,657,657,140}"
"Queensland, Australia","{415,415,415,415,415,415,415,415,415,415,415,415,415,415,415,415,415,415,415,415,415,415,415,415,415,415,415,415,415,415,415,415,415,415,415,415,415,415,415,415,415,415,415,415,415,415,415,415,415,415,415,415,415,415,415,415,415,415,415,415,415,415,415,415,415,415,415,415,415,415,415,415,415,415,415,415,415,415,415,415,415,415,415,415,415,415,415,415,415,415,415,415,415}"
"Colorado Springs, Colorado, US","{590,590,590,590,590,590,590,590,536,590}"
"Canada","{839,839,839,839,839,839,839,839,839,839,839,839,839,839,839,579,839,839,839,839,839,839,579,839,839,839,839,839,579,839,579,839,839,579,839,839,579,579,839,839,839,839,839,839,839,839,839,839,839,839,839,839,839,839,839,839,839,839,839,839,579,839,839,839,839,839,839,839,839,839,839,839,839,839,839,839,839,839,839,839,839,839,839,839,839,839,839,839,839,839,839,839,839,839,839,839,839,839,839,839,839,839,839,839,839,839,839,839,839,839,839,839,839,839,579,839,839,839,839,839,839,839,839,839,839,839,839,839,839,839,839,839,839,839,839,839,839,839,839,579,839,839,839,839,839,839,839,839,839,839,579,839,839,839,839,839,839,839,839,839,839,839,839,839,839,839,839,839,839,839,839,839,839,839,839,839,839,839,839,579,839,839,579,839,839,839,839,839,839,839,839,839,839,579,839,839,839,839,839,839,839,839,839,839,839,839,839,839,839,839,839,839,839,839,839,839,839,839,839,839,839,839,839,839,839,839,839,839,839,839,839,839,839,839,839,839,839,579,579,579,839,579,579,579,579,579,839,839,839,839,579,839,579,579,579,579,579,579,579,579,579,579,579,839,579,579,579,579,579,579,839,839,839,839,839,579,579,579,579,579,839,579,839,839,579,839,579,839,579,579,839,839,579,839,579,839,839,579,579,839,839,839,839,839,839,839,839,839,839,839,839,839,839,839,839,839,839,579,839,839,839,839,839,579,839,839,839,839,839,839,839,839,839,579,839,839,839,839,839,579,839,839,839,839,839,839,839,839,839,839,579,839,579,839,839,839,839,839,839,839,839,839,579,839,839,839,839,579,839,839,839,579,839,579,579,579,579,579,579,579,579,579,839,579,839,579,579,579,839,839,839,839,579,579,579,579,579,579,579,579,839,579,839,579,839,839,579,579,839,579,839,579,839,839,839,839,839,579,839,839,579,839,579,579,839,839,839,839,839,839,839,839}"
"San Antonio, Texas, US","{422,1022,1022,1022,1022,1022,1022,1022,1022,1022,1022}"
"New Mexico, US","{913,913,913,913,913,913,913,913,913,913,913,913,477,477,477,477,7585,477,477,477,477,7581,913,913,477,7576,477,7577,7578,913,477,477,477,7585,477,477,7583,477,477,7585,477,477,913,7575,913,477,477,477,477,477,477,477,913,7585,913,913,913,913,913,913,913,913,913,913,477,477,477,913,477,477,477,913,7580,913,7582,913,913,913,913,7579,913,913,913,913,913,913,913,913,913,913,913,2581,913,913,215,913,7585,913,913,477,477,913,913,477,913,913,913,913,477,477,913,913,477,913,913,477,913,913,913,477,913,913,477,477,913,913,913,913}"
"Colorado, US","{774,774,774,774,6962,774,774,1049,1049,1049,774,1049,774,774,774,6966,774,774,1049,1049,1049,774,1049,1049,774,774,1049,1049,1049,1049,1049,1049,1049,1049,774,774,1049,1049,1049,1049,774,774,1049,1049,774,774,1049,1049,774,1049,774,774,1049,1049,1049,1049,1049,1049,6969,1049,774,1049,774,1049,6960,1049,1049,46,1049,1049,1049,1049,6969,1049,774,1049,1049,1049,1049,6968,1049,6963,1049,6959,1049,774,774,1049,1049,6969,6958,1049,1049,1049,6965,1049,774,774,1049,1049,774,1049,774,6964,1049,1049,1049,774,1049,1049,1049,774,2560,1049}"
"Indiana, US","{507,507,507,507,507,507,507,507,507,507,507,507,507,507,199,507,507,507,199,199,199,199,199,199,199,507,507,199,199,199,199,199,199,199,199,199,507,507,199,199,199,507,199,507,199,199,507,199,507,507,507,507,507,7234,7227,507,507,507,507,7108,7243,7241,199,199,507,507,507,507,507,507,507,507,507,507,507,507,507,507,507,507,507,507,507,7224,507,7223,507,507,507,507,507,507,507,507,507,507,507,507,507,507,507,507,507,507,507,199,507,507,507,199,507,199,507,507,199,507,507,199,507,199,199,199,507,507,507,507,507,199,507,199,199,507,507,507,199,507,199,199,199,199,199,199,507,199,199,199,199,199,7225,7243,199,7243,507,7243,7243,7220,507,7233,2568,608,507,507,507,507,507,507}"
"Milwaukee, Wisconsin, US","{187,187,187,187,187,187,187,187,187,187,187,187,187,244,187,187}"
"Aurora, Colorado, US","{693,693,693,693,693,693,693,693,464,693}"
"Miami, Florida, US","{325,325,325,325,1063,325}"
"Ontario, Canada","{637,637,637,637,637,637,637,637,637,637,637,637,637,637,637,637,637,637,637,637,637,637,637,637,637,637,637,637,637,637,637,637,637,637,637,637,637,637,637,637,637,637,637,637,637,637,637,637,637,637,637,637,637,637,637,637,637,637,637,637,637,637,637,637,637,637,637,637,637,637,637,637,637,637,637,637,637,637,637,637,637,637,637,637,637,637,637,637,637,637,637,637,637,637,637,637,637,637,637,637,637,637,637,637,637,637,637,637,637,637,637,637,637,637,637,637,637,637,637,637,637,637,637}"
"King County, Washington, US","{993,993,993,993,993,993,866,993,993,993}"
"New Hampshire, US","{488,488,488,488,488,488,488,488,488,488,488,488,488,488,488,488,488,488,488,488,488,488,488,488,488,488,488,488,488,488,488,488,488,488,488,488,488,488,488,488,488,488,488,488,488,488,488,488,488,488,488,488,488,488,488,488,488,488,488,488,488,488,488,488,488,488,488,488,488,488,488,488,488,488,488,488,488,488,488,488,488,488,488,488,488,488,488,488,488,488,488,488,488,488,488,488,488,488,488,488,488,488,488,488,488,488,488,488,488,488,488,488,488,488,488,488,488,488,488,488,488,488,488,488,488,488,488,488,488,488,488,488,488,488,488,488,488,488,488,488,488,488,488,488,488,488,488,488,488,488,488,488,488,488,488,488,488,488,488,488,488,488,488,488,488,488,488,488,488,488,488,488,488,488,488,488,488,488,488,488,488,488,488,488,488,488,488,488,488,488,488,488,488,488,488,488,488,488,488,488,488,488,488,488,488,488,488,488,488,488,488,488,488,488,488,488,488,488,488,488,488,488,488,488,488,488,488,488,488,488,488,488,488,488,488,488,488,488,488,488,488,488,488,488,488,488,488,488,488,488,488,488,488,488,488,488,488,488,488,488,488,488,488,488,488,488,488,488,488,488,488,488,488,488,488,488,488,488,488,488,488,488,488,488,488,488,488,488,488,488,488,488,488,488,488,488,488,488,488,488,488,488,488,488,488,488,488,488,488,488,488,488,488,488,488,488,488,488,488,488,488,488,488,488,488,488,488,488,488,488,488,488,488,488,488,488,488,488,488,488,488,488,488,488,488,488,488,488,488,488,488,488,488,488,488,488,488,488,488,488,488,488,488,488,597,291,291,291,291,291,291,291,488,291,291,291,291,291,291,291,488,7305,7301,488,488,488,488,488,488,488,488,488,488,488,488,488,488,488,488,488,488,488,488,488,488,488,488,488,488,7299,7303,7302,7298,7305,7297,7296,7300,488,488,488,488,488,488,488,291,291,291,291,291,291,291,291,291,291,488}"
"Vermont, US","{39,926,7452,39,39,39,39,39,39,926,39,39,39,926,39,926,7455,39,39,39,39,926,39,39,39,39,39,39,39,39,39,39,39,39,39,39,926,926,39,39,39,39,926,39,39,39,39,926,39,39,39,39,39,926,926,926,39,926,926,39,926,39,39,39,39,39,926,39,926,39,39,39,39,39,39,39,39,39,926,39,39,39,39,2593,39,39,926,926,39,39,39,39,39,39,926,926,926,39,926,39,926,39,926,926,926,39,39,39,39,39,39,39,39,39,39,39,39,39,39,39,39,39,39,39,39,39,39,39,39,39,39,39,39,39,39,39,39,39,39,39,39,7458,39,7458,39,7450,7449,39,926,39,7451,39,39,39,926,39,39,7453,39,7457,7456,39,9,39,39,39,39,39,39,39,39,7458,39,39,39,39,39,39,39,39,39,39,39,39,39,39,39,39,39,39,39,39,7454,39}"
"Sacramento, California, US","{635,635,635,635,635,635,635,635,635}"
"Washington DC, US","{364,364,364,364,364,364,364,364,747,364,364,364,364,364}"
"West Virginia, US","{289,289,289,289,289,289,289,289,391,391,391,391,391,391,391,391,289,289,289,289,289,289,289,289,289,289,289,289,289,289,289,289,289,289,289,289,289,289,289,289,289,289,289,289,289,391,7494,7494,391,391,289,289,289,289,289,289,289,7491,289,391,289,289,289,289,391,391,391,391,289,289,289,391,391,391,391,289,391,391,391,289,391,289,391,391,391,289,289,289,289,289,391,289,289,289,289,289,289,289,289,289,289,7485,7486,289,289,7488,7489,7490,7492,7493,7494,289,289,289,289,289,391,289,289,289,289,391,601,289,391,391,391,289,289,289,289,289,289,289,289,289,289,289,289,289,289,289,289,289,391,289}"
"Erie, Pennsylvania, US","{702,761,761,761,761,551,761,761,761}"
"Raleigh, North Carolina, US","{577,577,577,577,577,577,577,577}"
"Chicago, Illinois, US","{872,872,872,872,872,872,872,872,872,872,872,872,872,872,872,872,872,872,872,872,872,872,872,872,602,872,872,872,872,872,872,872,872,872,872,872,872,872,872,872,872,872,872,872,872,872,872,872,872,872,872}"
"Baltimore, Maryland, US","{500,500,500,500,500,500,500,500,586,500,500,500,500,500,500,500}"
"Las Vegas, Nevada, US","{117,891,891,891,891,891,891}"
"Salt Lake City, Utah, US","{312,312,829,312,312,312,312}"
"Northwest Territories, Canada","{674,674,674,674,674,674,674,674,674,674,674,674,674,674,674,674,674,674,674}"
"Burlington, Vermont, US","{546,546,546,546,546,546,546,746,546,546,546,546,546}"
"Mesa, Arizona, US","{303,303,303,303,303,303,303}"
"Anchorage, Alaska, US","{599,599,896,599,599,599,599,599,599,599,599,599}"
"American Samoa, US","{1445,8185,8190,8179,8195,8192,8172,8175,8191}"
"Louisville and Jefferson County, Kentucky, US","{246,246,246,246,246,246,246,246,246,1074,246,246,246,246,246,246,246,246,246,246,246,246,246,246,246,246,246}"
"Arlington, Texas, US","{789,789,789,789,789,789,789,789,362}"
"Newfoundland and Labrador, Canada","{99,99,99,99,99,99,99,99,99,99,99,99,99,99,99,99,99,99,99,99,99,99,99,99,99,99,99,99,99,99,99,99,99,99,99,99,99,99,99,99}"
"Wilmington, Delaware, US","{817,817,817,817,817,817,817,817,817,817,817,817,817}"
"Akron, Ohio, US","{159,159,159,159,159,159,159,159,159,159,159,159,106,159}"
"Nevada, US","{7295,1012,1012,1012,681,681,7288,7286,7293,7295,681,681,681,681,7295,7290,7292,7291,7294,681,681,681,681,681,1012,1012,1012,1012,1012,1012,1012,1012,1012,1012,1012,1012,681,681,2582,681,681,681,681,1012,1012,1012,681,1012,1012,203,681,681,681,681,7285,681,681,7284,681,681,681,681,681,681,681,681,681,681,681,681,681,681,681,681,681,681}"
"Richmond, Virginia, US","{432,432,432,432,432,432,432,56,432,432}"
"Portland, Oregon, US","{936,936,936,936,216}"
"Guam, US","{8250,8250,1447,8351,8250,8250,8248,8249,8250,8247,8194,8210,8246,8349}"
"New Jersey, US","{732,670,732,732,732,7314,732,7317,7317,670,7317,732,670,7311,732,670,670,670,670,670,670,670,670,670,670,670,670,670,670,670,670,670,670,670,670,670,670,670,670,670,670,732,732,7317,732,7309,7310,670,670,670,670,670,670,670,670,670,670,670,670,670,670,670,732,7316,7312,732,732,732,732,732,732,732,670,732,670,670,670,670,670,732,273,2580,670,670,7317,7313,732,732,732,670,732,732,670,670,670,670,670,670,670,670,670,7315,670,670,732,732,732,732,670,732,670,732,670,670,670,732,670,670,670,670,670,732,670,732,732,732,732,670,670,670,670,732,7308,732,670}"
"Bakersfield, California, US","{859,859,19,859,859,859,859,859}"
"Delaware, US","{388,388,388,388,388,613,6996,7005,2788,388,6992,388,388,388,7008,388,6987,388,388,613,388,7008,388,388,388,388,388,6991,130,613,388,388,388,388,388,388,613,388,388,7008,613,7008,613,613,388,388,388,7008,388,613,388,388,613,388,7003,6989,613,613,613,613,613,613,613,613,388,613,613,388,388,388,6993,388,388,613,613,7001,388,388}"
"Minneapolis, Minnesota, US","{476,476,476,868,476,476,476,476,476,476,476,476,476,476}"
"Oklahoma, US","{208,1028,1028,1028,1028,1028,1028,1028,7376,7376,7376,7375,7374,7373,208,7372,208,208,208,208,208,208,208,208,208,208,208,208,208,208,208,208,208,208,208,208,208,208,208,208,208,208,208,208,208,208,208,208,208,208,7367,7369,7371,7368,208,208,208,208,208,208,208,208,208,208,208,208,208,208,208,208,208,208,208,208,208,208,208,208,208,208,208,208,208,208,208,208,208,208,208,208,208,208,208,1028,208,208,208,208,208,208,208,208,208,208,1028,208,208,208,208,208,208,2585,208,208,208,208,208,208,208,208,208,208,1112,1028,1028,1028,1028,1028,1028,1028,1028,1028,1028,1028,1028,1028,1028,1028,1028,1028,1028,1028,7366,1028,1028,1028,1028,1028,1028,1028,1028,1028,1028,1028,1028,1028,1028,1028,1028,1028,1028,1028,1028}"
"Nebraska, US","{717,717,697,2685,717,717,7561,717,7571,717,717,717,717,717,7564,717,717,717,717,717,717,717,717,717,717,7571,717,7571,717,7571,7570,7566,7567,7563,717,717,717,717,7568,717,717,7571,7569,717,717,717,717,717,717,7565,717,717,717,717,717,717,717,717,717,717,717,717,717,717,717}"
"Louisiana, US","{247,247,247,247,247,247,247,247,247,247,542,542,247,542,2571,634,542,542,247,247,247,247,247,247,247,247,542,247,542,542,542,542,247,542,542,542,542,542,542,542,542,542,542,542,542,542,542,542,542,542,542,542,542,542,542,542,247,247,542,542,542,542,542,542,542,542,542,542,542,542,247,542,247,542,542,542,542,542,542,542,542,7167,542,542,542,7167,542,542,542,542,542,542,542,542,542,542,542,542,542,7167,542,542,247,542,542,247,247,247,247,542,247,542,247,247,247,542,247,7152,542,542,542,247,542,542,542,542,542,542,542,542,542,542,542,542,247,542,542,247,542,7149,7159,7154,7151,7167,7167,542,542,542,542,542,542,542,7157,7158,7156,542}"
"Oregon Metro, US","{847,847,847,847,847,2543,847}"
"Maine, US","{490,490,994,490,490,490,490,994,994,490,490,490,490,490,490,994,994,994,994,490,490,490,994,490,490,490,490,490,490,994,994,490,490,490,490,490,490,490,490,994,994,490,490,490,186,490,490,490,490,490,490,490,490,490,490,490,490,490,490,490,490,490,490,490,490,490,490,490,490,490,490,490,490,490,490,490,490,490,490,490,7533,7535,490,490,490,7214,994,490,490,490,490,490,490,490,490,490,490,490,994,490,994,490,994,994,490,490,490,490,490,490,490,490,994,994,490,490,994,490,994,490,490,490,994,994,994,994,490,490,490,490,490,490,490,490,490,490,490,490,490,490,490,490,490,490,490,490,490,490,490,490,490,7217,490,7534,490,7217,7217,7213,7210,7536,7207,994,994,994,994,490,490,490,490,490,490,490,490,490,490,490,490,490,490,490,490,490,490,490,490,994,490,490,490,994,490,994,994,490,490,994,994}"
"St. Paul, Minnesota, US","{109,109,109,109,109,109,109,77}"
"Ottawa, Ontario, Canada","{967,315,315,315,315,315,315,315,315,315,315,315,315,315,315,315,315,315,315,315,315,315,315}"
"Victoria, Australia","{822,822,527,527,822,822,822,822,822,822,822,822,822,822,527,822,822,822,822,822,822,822,822,822,822,822,822,822,822,822,822,822,822,822,822,822,822,822,822,527,822,822,822,822,527,822,822,822,822,822,527,822,822,822,822,527,527,527,527,822,527,527,527,527,527,527,527,527,822,527,527,527,822,527,822,527,822,822,822,822,822,527,822,527,527,527,822,527,527,527,822,527,527,527,822,822,822,527,822,822,822,822,822,822,822,527,822,527,527,822,822,822,527,822,527,527,822,822,822,822,822,822,822,822,822,822,822,822}"
"Utah, US","{225,225,225,225,225,225,225,225,225,225,225,225,225,225,225,225,225,225,225,225,952,952,2591,710,7550,952,952,952,952,952,952,952,952,952,952,952,952,952,952,952,952,952,952,952,952,952,952,952,952,952,952,952,952,952,952,952,952,952,952,952,952,952,952,952,952,952,952,952,952,952,952,952,952,952,952,952,952,952,952,952,952,952,952,952,952,952,952,952,952,952,952,952,952,952,952,952,952,952,7549,7554,7548,7552,7555,7551,7553,7556,7556,7556,225,225,225,225,225,225,225,225,225}"
"New South Wales, Australia","{260,1061,260,1061,260,260,1061,1061,260,260,260,260,260,260,260,260,1061,1061,260,1061,260,1061,1061,260,260,260,260,260,260,260,260,260,260,260,260,260,260,260,260,260,260,260,260,260,260,260,260,260,260,260,1061,260,260,260,260,1061,1061,260,260,260,260,1061,260,260,260,260,260,260,260,260,260,260,260,1061,260,260,1061,260,260,260,260,260,1061,260,1061,1061,1061,1061,1061,260,1061,1061,260,1061,1061,260,1061,1061,1061,260,260,1061,1061,260,1061,1061,260,1061,1061,260,1061,1061,1061,1061,1061,1061,260,260,260,260,260,260,260,260,260,260,260,260,260,260,260,260,1061,1061,260}"
"Massachusetts, US","{729,729,729,729,729,729,729,729,729,729,729,729,729,729,729,729,729,729,729,167,729,2572,729,729,729,729,729,729,729,729,729,729,729,167,729,729,729,729,167,729,729,729,729,729,729,729,729,729,729,729,729,729,729,729,729,729,729,729,729,729,729,729,729,729,729,729,729,729,729,729,729,729,729,729,729,729,729,729,729,729,729,729,729,729,729,729,729,729,729,729,729,729,729,729,729,729,729,729,729,729,729,729,729,729,729,729,167,729,729,550,729,7221,729,729,7212,729,7228,7208,729,729,729,729,7218,7216,7229,7219,7222,7230,729,729,729,729,729,729,729,729,729,729,167,729,167,167,167,167,167,167,167,167,729,729,729,729,729,729,729,167,729,729,167,167,729,729,167,167,167,167,167,167,167,167,729,729,729,729,729,729,729,729,729,729,729,729,729,729,729,729,729,729,729,729,729,167,167,167,167,167,167,167,729,729,729,729,167,167,167,167,167,167,167,167,729}"
"Delaware County, Pennsylvania, US","{11,11,11,793,1057,11,11}"
"Anaheim, California, US","{191,191,191,191,191,191,191}"
"Arkansas, US","{1011,569,1011,569,569,569,569,569,569,569,569,569,569,569,569,569,569,569,569,569,569,569,569,569,569,569,569,569,569,569,569,569,1011,569,569,569,569,569,569,569,1011,569,569,569,569,569,569,569,1011,1011,569,1011,1011,2558,569,569,1011,1011,1011,569,1011,1011,569,1011,569,569,569,569,1011,569,569,6939,569,569,569,1011,6926,569,569,569,1011,569,1011,569,1011,1011,569,6932,6943,1011,1027,569,6943,6937,6928,1011,6927,1011,569,1011,569,1011,1011,1011,569,569,6924,6921,569,6943,569,569,6923,569,569,569,1011,569,569,569,569,569,569,569,569,1011,1011,1011,569,569,1011,1011,569,1011,569,569,569,1011,569,569,569,569,569,569,569,569,569,569,569}"
"Dauphin County, Pennsylvania, US","{1113,1113,1113}"
"United States of America","{700,700,700,700,700,700,700,398,398,398,976,320,700,700,700,700,700,700,700,700,700,700,700,700,700,700,700,700,700,700,700,700,700,700,398,398,398,398,700,398,700,700,700,700,700,700,700,398,700,398,700,700,398,700,700,700,700,700,700,700,700,700,398,700,700,700,700,700,398,398,700,700,700,700,700,700,398,700,700,700,700,700,700,700,700,700,700,700,700,700,700,700,398,700,700,700,700,700,700,700,700,700,700,700,700,700,700,700,700,398,700,700,700,700,700,700,700,398,398,700,398,398,700,398,398,398,700,700,700,700,700,700,398,398,700,700,700,700,700,700,700,700,398,398,398,700,700,700,700,7723,700,398,700,398,398,700,398,700,700,700,700,398,700,398,7730,7724,7720,7718,7717,398,398,700,398,398,398,700,398,398,7719,7721,7722,7711,700,700,398,7700,398,7699,398,7691,398,398,398,398,7698,7714,398,7641,398,398,398,398,398,398,398,7690,398,398,398,398,398,700,398,700,398,7640,398,7593,398,7639,7589,700,7644,700,700,398,398,700,700,700,700,700,700,700,700,700,700,700,700,700,700,700,700,700,700,700,700,700,700,700,700,700,700,700,700,700,700,700,700,700,700,700,700,700,700,700,700,700,700,700,700,700,700,700,700,700,700,700,700,700,700,700,700,398,398,398,398,398,398,398,398,398,398,398,700,398,398,398,398,398,398,398,398,398,398,700,700,398,398,398,398,398,398,398,398,700,700,700,700,700,700,700,7716,700,700,700,700,700,700,700,700,700,700,700,700,700,700,700,700,700,700,700,700,700,700,700,700,700,700,700,700,700,700,700,700,700,700,700,700,700,700,700,700,700,700,700,700,700,700,700,700,700,700,700,700,700,700,700,700,700,700,700,700,700,700,700,700,700,700,700,700,700,700,700,700,700,700,700,700,700,700,700,700,700,700,700,700,700,700,700,700,700,700,700,700,700,700,700,700,700,700,700,700,700,700,700,700,398,700,7712,700,700,700,700,700,700,700,700,700,700,700,700,700,700,700,700,700,700,700,700,700,700,700,700,700,700,700,700,700,700,700,700,700,700,700,700,700,700,700,700,700,700,700,700,700,700,700,700,700,700,398,398,700,700,700,700,700,700,700,700,700,700,700,700,700,700,700,700,700,700,700,700,700,700,700,700,700,700,700,700,700,700,700,700,700,700,700,700,700,700,700,700,700,700,700,700,700,700,700,700,700,700,700,700,700,700,700,700,700,700,700,700,700,700,700,700,700,700,700,700,700,700,700,700,700,700,700,700,700,700,700,700,700,700}"
"Puerto Rico, US","{981,1030,1030,1030,1030,1030,8352,8350,8348,8360,1030,1030,1030,981,981,1030,981,1030,1030,1030,8347,1030,1030,8340,1030,1030,1030,1030,1030,981,8339,1030,1030,981,981,981,1030,981,981,8335,981,981,981,1133,1030,1030,1030,1030,1030,981,1030,981,981,981,981,1030,1030,1030,981,1030,981,981,981,981,1030,1030,981,1030,1030,1030,981,1030,1030,1030,1030,1030,1030,981,1030,1030,1030,1030,1030,981,1030,1030,1030}"
"London Region, UK","{957,957,436,957,957,957,957,957,957,957,957,957,957,957,957,957,957,957,957,957,957,957,957,957,957,957}"
"Virgin Islands","{8209,8211,8198,8211,8202,8200,1535,8211,8199,8204,8211,8208}"
"Commonwealth of the Northern Mariana Islands","{1539,8317,8322,8321,8315,8319,8316,8310}"
"California, US","{905,265,265,265,265,7061,6978,905,7062,265,905,265,265,265,7062,265,7062,905,7062,265,265,265,6976,905,7062,265,265,265,265,265,265,265,6977,7038,905,265,265,6973,265,905,905,265,905,265,265,265,2559,265,7057,7058,7046,265,224,905,905,905,905,905,905,905,905,905,265,905,905,905,905,905,905,905,265,265,905,905,905,905,905,265,265,905,265,265,265,905,265,905,905,905,265,265,905,905,905,905,265,265,265,265,265,265,265,265,265,265,905,265,265,265,265,265,265,265,265,265,7036,265,265,265,265,265,265,265,265,265,265,265,265,265,265,265,265,265,265,265,265,265,265}"
"St. Louis, Missouri, US","{706,706,706,706,706,706,706,706,706,706,706,706,706,706,706,706,706,706,706,706,706,706,706,706,706,706,706,706,1059,706}"
"Providence, Rhode Island, US","{643,643,643,643,643,643,129,643,643,643,643,643,643,643,643,643}"
"Greensboro, North Carolina, US","{2390,2391,2390,2390,2390,2390,2390,2390,2390}"
"St. Petersburg, Florida, US","{218,36,218,218,218,218,218,218,218}"
"Miami-Dade County, FL, US","{122,122,122,122,122,122,122,2511,122,122,122,122,122,122}"
"Irving, Texas, US","{2671,2671,2671,2671,2671,2670,2671,2671,2671}"
"Apache County, Arizona, US","{2723,2723,2723}"
"Coconino County, Arizona, US","{2726,2726,2726,2726,2726}"
"Gila County, Arizona, US","{2727,2727,2727}"
"Graham County, Arizona, US","{2728,2728,2728}"
"Greenlee County, Arizona, US","{2729,2729,2729}"
"La Paz County, Arizona, US","{2730,2730,2730}"
"Maricopa County, Arizona, US","{2731,2731,2731,2731,2731}"
"Mohave County, Arizona, US","{2732,2732,2732,2732,2732}"
"Navajo County, Arizona, US","{2733,2733,2733,2733,2733}"
"Pima County, Arizona, US","{2734,2734,2734,2734,2734}"
"Pinal County, Arizona, US","{2735,2735,2735,2735,2735}"
"Santa Cruz County, Arizona, US","{2736,2736,2736}"
"Yavapai County, Arizona, US","{2737,2737,2737,2737,2737}"
"Yuma County, Arizona, US","{2738,2738,2738,2738,2738}"
"Chihuahua","{662}"
"Durango","{26}"
"Baja California","{938,938}"
"Baja California Sur","{765}"
"Sonora","{658}"
"Sinaloa","{570}"
"Tamaulipas","{1051}"
"San Luis Potos√≠","{135}"
"Guanajuato","{270}"
"Nuevo Le√≥n","{54}"
"Zacatecas","{846}"
"Coahuila","{261}"
"Aguascalientes","{447}"
"Yucat√°n","{95}"
"Campeche","{988}"
"Quintana Roo","{213}"
"Tabasco","{2246}"
"Chiapas","{64}"
"Oaxaca","{1068}"
"Quer√©taro","{854}"
"Colima","{1070,1070}"
"Guerrero","{475}"
"Michoac√°n","{647}"
"Nayarit","{850}"
"Jalisco","{960}"
"Puebla","{69}"
"Tlaxcala","{495}"
"Estado de M√©xico","{281}"
"Hidalgo","{351}"
"Morelos","{465}"
"Veracruz","{932}"
"Cook County, Illinois, US","{2836,2836,2836,2836,2836,2836,2836,2836,2836,2836,2836,2836,2836,2836,2835,2836,2836,2836}"
"St. Louis County, Missouri, US","{2843,2842,2843,2843,2843,2843,2843,2843}"
"St. Charles County, Missouri, US","{2845,2845,2845,2845,2844,2845,2845,2845}"
"Springfield, Missouri, US","{2847,2847,2847,2847,2847,2847,2847,2847,2847}"
"Greene County, Missouri, US","{2848,2848,2848}"
"Jefferson City, Missouri, US","{2850,2850,2850,2849,2850,2850,2850,2850,2850,2850,2850}"
"Cole County, Missouri, US","{2851,2851,2851}"
"Madison, Wisconsin, US","{2853,2852,2853,2853,2853,2853,2853,2853,2853,2853,2853,2853,2853,2853,2853,2853,2853,2853,2853,2853,2853}"
"Lake County, Indiana, US","{2897,2897,2854,2854,2854,2897,2897,2897,2897,2897}"
"Evansville, Indiana, US","{2856,2856,2856,2856,2855,2856,2856,2856,2856,2856}"
"Naples, Florida, US","{2860,2860,2860,2860,2860,2860,2860}"
"Tallahassee, Florida, US","{2866,2865,2866,2866,2866}"
"Columbus, Georgia, US","{2870,2870,2870,2870,2870,2870,2870,2869,2870,2870,2870}"
"Augusta, Georgia, US","{2872,2871,2872,2872,2872,2872,2872,2872,2872,2872,2872}"
"Baton Rouge, Louisiana, US","{2874,2874,2873,2874,2874,2874,2874,2874,2874,2874,2874,2874,2874}"
"Jackson, Mississippi, US","{2877,2877,2877,2876,2877,2877,2877,2877}"
"Montgomery County, Maryland, US","{2879,2879,2878,2879,2879,2879,2879,2879,2879,2879}"
"Prince Georges County, Maryland, US","{2880,2881,2881,2881,2881,2881,2881,2881,2881,2881,2881,2881}"
"Mecklenburg County, North Carolina, US","{2882,2882,2882,2882,2882,2882,2882,2882,2882}"
"Wake County, North Carolina, US","{2883,2883,2883,2883,2883,2883,2883}"
"Columbia, South Carolina, US","{2885,2885,2885,2885,2884,2885,2885}"
"Richland County, South Carolina, US","{2886,2886,2886,2886,2886,2886,2886,2886,2886,2886,2886}"
"Charleston, South Carolina, US","{2887}"
"Greenville, South Carolina, US","{2890,2890,2889,2890,2890,2890,2890}"
"Arlington County, Virginia, US","{2893,2893,2893,2893,2893}"
"Fairfax, Virginia, US","{2894,2895,2895,2895,2895,2895,2895}"
"Fort Myers, Florida, US","{2862,2861,2862,2862,2862,2862,2862}"
"Plano, Texas, US","{3068,3068,3068,3068,3068,3068,3068,3068}"
"Corpus Christi, Texas, US","{3070,3070,3070,3070,3070,3070,3070,3070,3070}"
"Newark, New Jersey, US","{3072,3071,3072,3072,3072,3072,3072,3072,3072,3072}"
"Lincoln, Nebraska, US","{3074,3073,3074,3074,3074,3074,3074,3074}"
"Chandler, Arizona, US","{3080,3080,3080,3080,3080,3080,3080}"
"Fort Wayne, Indiana, US","{3082,3082,3082,3082,3081,3082,3082,3082,3082,3082}"
"Durham, North Carolina, US","{3083,3083,3083,3083,3083,3083,3083}"
"Irvine, California, US","{3084,3084,3084,3084,3084}"
"Lubbock, Texas, US","{366,366,366,366,366,366,366}"
"Gilbert, Arizona, US","{3085,3085,3085,3085,3085,3085,3085}"
"Norfolk, Virginia, US","{3086,3086,3086,3086,3086,3086,3086,3086}"
"Reno, Nevada, US","{3087,3087,3087,3087,3087,3087,3087}"
"Winston-Salem, North Carolina, US","{3088,3088,3089,3088,3088,3088,3088,3088,3088}"
"Glendale, Arizona, US","{3090,3090,3090,3090,3090,3090,3090}"
"Hialeah, Florida, US","{3699,3092,3699,3699,3699,3699,3699,3699}"
"Garland, Texas, US","{523,523,523,523,523,523,523,523,523}"
"Scottsdale, Arizona, US","{91,91,91,91,91,91,91}"
"Chesapeake, Virginia, US","{3097,3097,3097,3097,3097,3097,3097,3097,3097}"
"North Las Vegas, Nevada, US","{3098,3098,3098,3098,3098}"
"Fremont, California, US","{3099,3099,3099,3099,3099,3099,3099}"
"Boise, Idaho, US","{3101,3101,3101,3101,3101,3101,3100}"
"Modesto, California, US","{228,228,228,228,228,228,228}"
"Des Moines, Iowa, US","{3103,3103,3103,3103,3103,3103,3103}"
"Fontana, California, US","{3104,3104,3104,3104,3104}"
"Moreno Valley, California, US","{3105,3105,3105,3105}"
"Fayetteville, North Carolina, US","{3106,3106,3106,3106,3106,3106,3106,3106,3106,3106}"
"Huntington Beach, California, US","{836,836,836,836,836,836,836}"
"Yonkers, New York, US","{3724,3108,3108,3108,3108,3108,3108,3108}"
"Glendale, California, US","{1038,1038,1038,1038,1038}"
"Aurora, Illinois, US","{3111,3111,3111,3111,3111,3111,3111,3111,3111,3111,3111,3111,3112}"
"Montgomery, Alabama, US","{102,102,102,102,102,102,102,102,383,102}"
"Amarillo, Texas, US","{3113,3113,3113,3113,3113}"
"Little Rock, Arkansas, US","{3114,3115,3114,3114,3114,3114,3114,3114,3114,3114,3114}"
"Shreveport, Louisiana, US","{3116,3116,3116,3116,3116,3116,3117,3116}"
"Grand Rapids, Michigan, US","{969,969,969,969,969,969,969}"
"Huntsville, Alabama, US","{3120,3121,3120,3120,3120,3120}"
"Grand Prairie, Texas, US","{883,883,883,883,883,883,883,883,883}"
"Overland Park, Kansas, US","{3123,3123,3123,3123,3123,3123,3123,3123,3123,3123,3123,3123,3123}"
"Knoxville, Tennessee, US","{3125,3124,3124,3124,3124,3124,3124,3124,3124,3124}"
"Worcester, Massachusetts, US","{3126,3126,3126,3126,3126,3126,3126,3126,3126,3126,3126}"
"Brownsville, Texas, US","{3127,3127,3127,3127,3127,3127,3127}"
"Newport News, Virginia, US","{3128,3128,3128,3128,3128,3128,3128}"
"Santa Clarita, California, US","{3129,3129,3129,3129,3129}"
"Port St. Lucie, Florida, US","{3130,3130,3130,3130}"
"Chattanooga, Tennessee, US","{3131,3131,3131,3132,3131,3131,3131,3131,3131,3131}"
"Tempe, Arizona, US","{3133,3133,3133,3133,3133,3133,3133}"
"Oceanside, California, US","{3134,3134,3134,3134,3134}"
"Garden Grove, California, US","{3135,3135,3135,3135,3135,3135,3135}"
"Rancho Cucamonga, California, US","{3136,3136,3136,3136,3136}"
"Cape Coral, Florida, US","{3679,3679,3679,3679,3679,3679,3679,3679}"
"Santa Rosa, California, US","{3138,3138,3138,3138,3138,3138,3138}"
"Vancouver, Washington, US","{3139,3139,3139,3139,3139,3139,3139}"
"Peoria, Arizona, US","{3140,3140,3140,3140,3140,3140,3140}"
"Ontario, California, US","{3141,3141,3141,3141,3141}"
"Elk Grove, California, US","{3142,3142,3142,3142,3142}"
"Pembroke Pines, Florida, US","{3143,3143,3143,3143,3143}"
"Salem, Oregon, US","{3144,3144,3144,3144,3144,3144,3144,3144,3144}"
"McKinney, Texas, US","{3147,3147,3147,3147,3147,3147,3147}"
"Lancaster, California, US","{3148,3148,3148,3148,3148}"
"Palmdale, California, US","{3149,3149,3149,3149,3149}"
"Salinas, California, US","{3150,3150,3150,3150,3150,3150,3150}"
"Sunnyvale, California, US","{271,271,271,271,271,271,271}"
"Torrance, California, US","{3151,3151,3151,3151,3151,3151,3151}"
"Rockford, Illinois, US","{3153,3152,3152,3152,3152,3152,3152,3152,3152,3152,3152,3152,3152,3152,3152}"
"Joliet, Illinois, US","{3154,3154,3154,3154,3154,3154,3154,3154,3154}"
"Paterson, New Jersey, US","{881,881,881,881,949,881,881,881,881,881}"
"Killeen, Texas, US","{3155,3155,3155,3155,3155,3155,3155,3155}"
"West Valley City, Utah, US","{3156,3156,3156,3156,3156,3156,3156}"
"Carrollton, Texas, US","{3157,3157,3157,3157,3157,3157,3157,3157}"
"New Haven, Connecticut, US","{3158,3158,3158,3158,3158,3158,3159,3158,3158,3158,3158,3158,3158,3158,3158,3158,3158,3158,3158,3158,3158,3158,3158,3158,3158,3158,3158,3158,3158,3158,3158}"
"Stamford, Connecticut, US","{3160,3160,3160,3160,3160,3160,3160,3160,3161,3160,3160,3160,3160,3160,3160,3160,3160,3160,3160,3160,3160,3160,3160,3160,3160,3160,3160,3160,3160,3160,3160,3160,3160,3160,3160,3160,3160,3160,3160,3160,3160}"
"Kent, Washington, US","{3162,3162,3162,3163,3162,3162,3162,3162}"
"Murfreesboro, Tennessee, US","{3164,3164,3164,3164,3164,3164,3164}"
"Hartford, Connecticut, US","{3165,3165,3165,3165,3165,3165,3165,3165,3166,3165}"
"Abilene, Texas, US","{3169,3169,3169,3169,3169,3169,3169}"
"Victorville, California, US","{3170,3170,3170,3170,3170}"
"Vallejo, California, US","{3171,3171,3171,3171,3171,3171,3171}"
"Norman, Oklahoma, US","{3172,3172,3172,3172,3172,3172,3172,3172,3172}"
"Allentown, Pennsylvania, US","{1578,1578,1578,1578,1578,1578,1577,1578}"
"Columbia, Missouri, US","{3173,3173,3173,3173,3173,3173,3173}"
"Odessa, Texas, US","{3174,3174,3174,3174,3174,3174,3174}"
"Fargo, North Dakota, US","{3175,3175,3175,3175,3175}"
"Beaumont, Texas, US","{3176,3176,3176,3176,3176,3176,3176}"
"Independence, Missouri, US","{3177,3177,3177,3177,3177,3177,3177}"
"Ann Arbor, Michigan, US","{357,357,357,357,357,357,357,357,357,357,357}"
"El Monte, California, US","{3179,3179,3179,3179,3179}"
"Springfield, Illinois, US","{3180,3181,3180,3180,3180,3180,3180,3180,3180,3180,3180}"
"Round Rock, Texas, US","{3182,3182,3182,3182,3182,3182,3182}"
"Wilmington, North Carolina, US","{3183,3183,3183,3183,3183,3183,3183}"
"Arvada, Colorado, US","{3184,3184,3184,3184,3184,3184,3184}"
"Provo, Utah, US","{3185,3185,3186,3185,3185,3185,3185,3185}"
"Downey, California, US","{3187,3187,3187,3187,3187}"
"Carlsbad, California, US","{3189,3189,3189,3189,3189}"
"Miami Gardens, Florida, US","{3191,3191,3191,3191,3191,3191,3191}"
"Costa Mesa, California, US","{3192,3192,3192,3192,3192,3192,3192}"
"Peoria, Illinois, US","{3193,3193,3193,3193,3193,3193,3193,3193,3193,3193,3193}"
"Westminster, Colorado, US","{3195,3195,3195,3195,3195,3195}"
"Lansing, Michigan, US","{496,461,496,496,496,496,496,496,496}"
"Clearwater, Florida, US","{3196,3196,3196,3196,3196}"
"Greeley, Colorado, US","{3198,3198,3198,3198,3198,3198,3198}"
"Fairfield, California, US","{3199,3199,3199,3199,3199,3199,3199}"
"Vista, California, US","{3201,3201,3201,3201,3201}"
"Rochester, Minnesota, US","{3202,3202,3202,3202,3202,3202,3203,3202}"
"Elgin, Illinois, US","{3204,3204,3204,3204,3204,3204,3204,3204,3204}"
"Temecula, California, US","{3205,3205,3205,3205,3205}"
"Inglewood, California, US","{3207,3207,3207,3207,3207}"
"Pasadena, Texas, US","{3208,3208,3208,3208,3208,3208,3208,3208,3208}"
"Bridgeport, Connecticut, US","{3212,3216,3212,3212,3212,3212,3212,3212,3212,3212,3212,3212,3212,3212,3212,3212,3212,3212,3212,3212,3212}"
"Richardson, Texas, US","{3218,3218,3218,3218,3218,3218,3218}"
"Lowell, Massachusetts, US","{3219,3219,3219,3219,3219,3219,3219,3219,3219}"
"Gresham, Oregon, US","{3221,3221,3221,3221,3221,3221,3221}"
"Antioch, California, US","{3223,3223,3223,3223,3223}"
"Cambridge, Massachusetts, US","{3224,3224,3224,3224,3224,3224,3224,3224,3224}"
"Billings, Montana, US","{3228,3228,3228,3228,3228,3227,3228,3228,3228,3228,3228}"
"Murrieta, California, US","{3231,3231,3231,3231,3231}"
"Naperville, Illinois, US","{3232,3232,3232,3232,3232,3232,3232,3232,3232}"
"Surprise, Arizona, AZ","{3233,3233,3233,3233,3233,3233,3233}"
"Simi Valley, California, US","{3234,3234,3234,3234,3234}"
"Santa Clara, California, US","{3235,3235,3235,3235,3235,3235,3235}"
"Topeka, Kansas, US","{3236,3236,3236,3236,3236,3236,3236,3236,3236,3236}"
"Lafayette, Louisiana, US","{3237}"
"Concord, California, US","{3239,3239,3239,3239,3239}"
"Gainesville, Florida, US","{3240,3240,3240,3240,3240,3240}"
"Visalia, California, US","{3241,3241,3241,3241,3241}"
"Coral Springs, Florida, US","{3242,3242,3242,3242,3242}"
"Thousand Oaks, California, US","{3243,3243,3243,3243,3243}"
"Elizabeth, New Jersey, US","{3245,3245,3245,3245,3245,3743,3245,3245,3245,3245}"
"Mesquite, Texas, US","{3246,3246,3246,3246,3246,3246,3246}"
"Pasadena, California, US","{3247,3247,3247,3247,3247,3247,3247,3247}"
"Orange, California, US","{3248,3248,3248,3248,3248,3248,3248}"
"Fullerton, California, US","{3249,3249,3249,3249,3249}"
"Dayton, Ohio, US","{3250,3250,3250,3250,3250}"
"McAllen, Texas, US","{3251,3251,3251,3251,3251,3251,3251}"
"Bellevue, Washington, US","{3252,3252,3252,3252,3252,3252,3252}"
"Miramar, Florida, US","{3253,3253,3253,3253,3253}"
"Hampton, Virginia, US","{3254,3254,3254,3254,3254,3254,3254}"
"Warren, Michigan, US","{3256,3256,3256,3256,3255,3256,3256,3256}"
"Olathe, Kansas, US","{3257,3257,3257,3257,3257,3257,3257}"
"Thornton, Colorado, US","{3258,3258,3258,3258,3258,3258,3258,3258,3258}"
"Midland, Texas, US","{3259,3259,3259,3259,3259,3259,3259}"
"Waco, Texas, US","{3260,3260,3260,3260,3260,3260}"
"Sterling Heights, Michigan, US","{3261,3261,3261,3261,3261,3261,3261}"
"Denton, Texas, US","{3262,3262,3262,3262,3262,3262,3262}"
"Cedar Rapids, Iowa, US","{3263,3263,3263,3263,3263,3263,3263,3263,3263}"
"Roseville, California, US","{3264,3264,3264,3264,3264}"
"Hayward, California, US","{3265,3265,3265,3265,3265,3265,3265}"
"Cary, North Carolina, US","{3266,3266,3266,3266,3266,3266,3266}"
"Hollywood, Florida, US","{3267,3267,3267,3267,3267,3267,3267}"
"Kansas City, Kansas, US","{3268,3268,3268,3268,3268,3268,3268,3268,3268,3268,3269}"
"Escondido, California, US","{3270,3270,3270,3270,3270}"
"Pomona, California, US","{3271,3271,3271,3271,3271,3271,3271}"
"Clarksville, Tennessee, US","{3272,3272,3272,3272,3273,3272,3272,3272,3272,3272,3272,3272,3272}"
"Alexandria, Virginia, US","{3274,3274,3274,3274,3274,3274,3274}"
"Eugene, Oregon, US","{1066,3276,3276,3276,3276,3276,3276,3276,3276}"
"Macon-Bibb County, Georgia, US","{3277,3277,3277,3277,3277,3277,3277,3277,3277,3277}"
"Springfield, Massachusetts, US","{3278,3278,3278,7102,3278,3278,3278,3278,3278,3278,3278,3278,3278,3278}"
"Lakewood, Colorado, US","{3280,3280,3280,3280,3280,3280,3280,3280,3280,3280}"
"Centennial, Colorado, US","{3281,3281,3281,3281,3281,3281,3281,3281,3281}"
"Richmond, California, US","{3282,3282,3282,3282,3282,3282,3282}"
"Ventura, California, US","{3283,3283,3283,3283,3283,3283,3283}"
"Pueblo, Colorado, US","{3284,3284,3284,3284,3284,3284,3284}"
"Waterbury, Connecticut, US","{3287,3287,3287,3287,3287,3287,3286,3287,3287,3287,3287,3287,3287,3287,3287,3287}"
"West Covina, California, US","{3288,3288,3288,3288,3288}"
"North Charleston, South Carolina, US","{3290,3290,3289,3290,3290,3290,3290,3290,3290,3290,3290}"
"Everett, Washington, US","{3292,3292,3292,3292,3292,3292,3291,3292}"
"College Station, Texas","{3293,3293,3293,3293,3293,3293,3293}"
"Palm Bay, Florida, US","{3294,3294,3294,3294,3294}"
"Pompano Beach, Florida","{3295,3295,3295,3295,3295,3295}"
"Boulder, Colorado, US","{170,170,170,170,170,170,170,170,170}"
"Norwalk, California, US","{3297,3297,3297,3297,3297}"
"West Palm Beach, Florida, US","{2864,2864,2864,2864,2863,2864}"
"Broken Arrow, Oklahoma, US","{3300,3300,3300,3300,3300}"
"Daly City, California, US","{3301,3301,3301,3301,3301}"
"Sandy Springs, Georgia, US","{3302,3302,3302,3302,3303,3302,3302}"
"Burbank, California, US","{3304,3304,3304,3304,3304}"
"Green Bay, Wisconsin, US","{3306,3305,3306,3306,3306,3306,3306,3306,3306,3306,3306,3306,3306}"
"Santa Maria, California, US","{3307,3307,3307,3307,3307}"
"Wichita Falls, Texas, US","{3308,3308,3308,3308,3308,3308,3308}"
"Lakeland, Florida, US","{3309,3309,3309,3309,3309,3309,3309}"
"Clovis, California, US","{3310,3310,3310,3310,3310}"
"Lewisville, Texas, US","{3311,4610,3311,3311,3311,3311}"
"Tyler, Texas, US","{3313,3313,3313,3313,3313,3313,3313}"
"El Cajon, California","{3314,3314,3314,3314,3314}"
"San Mateo, California, US","{3315,3315,3315,3315,3315}"
"Rialto, California","{3316,3316,3316,3316,3316}"
"Edison, New Jersey, CA","{3317,3317,3317,3317,3317,3318,3317,3317}"
"Davenport, Iowa, US","{3319,3319,3319,3319,3320,3319,3319,3319,3319,3319,3319}"
"Hillsboro, Oregon, US","{3321,3321,3321,3321,3321,3321,3321}"
"Woodbridge, New Jersey, US","{3323,3323,3324,3323,3323,3323,3323,3323,3323,3323}"
"Las Cruces, New Mexico, US","{797,797,797,797,797,797,797}"
"South Bend, Indiana, US","{3326,3325,3325,3325,3325,3325,3325,3325,3325,3325}"
"Davie, Florida, US","{3327,3327,3327,3327,3327}"
"San Angelo, Texas, US","{3328,3328,3328,3328,3328,3328,3328}"
"Jurupa Valley, California, US","{3329,3329,3329,3329,3329}"
"Renton, Washington, US","{3331,3331,3331,3331,3331,3331,3330,3331}"
"Corona, California, US","{3146,3146,3146,3146,3146}"
"Pearland, Texas, US","{3285,3285,3285,3285,3285,3285,3285,3543}"
"High Point, North Carolina, US","{3226,3226,3226,3226,3226,3226,3226,3226,3226}"
"Frisco, Texas, US","{3612,3614,3612,3612,3612,3612,3612}"
"Menlo Park, California, US","{3798,3798,3798,3798,3798}"
"Laredo, Texas, US","{405,405,3862,405,405,405,405,405,405}"
"Athens-Clarke County, Georgia, US","{3167,3167,3168,3167,3167,3167,3167,3167,3167,3167,3167}"
"Manchester, New Hampshire, US","{3230,3230,3230,3230,3230,3230,3230,3230,3230,3230,3230,3230,3230,3230,3229}"
"Gary, Indiana, US","{4178,4177,4177,4177,4177,4177,4177,4177,4177,4177}"
"Munster, Indiana, US","{4179,4179,4179,4179,4179}"
"Hennepin County, Minnesota, US","{4236,4236,4236,4236,4236,4236,4236}"
"Bucks County, Pennsylvania, US","{1054,1054,1054,832}"
"Myrtle Beach, South Carolina, US","{2892,2891,2892,2892,2892,2892,2892}"
"Philadelphia, Pennsylvania, US","{752,194,194,752,752,194,752,752,752,165,81,492,2316,2315,752,752,752,752,752,752,752,752,752,752,752}"
"Regina, Saskatchewan, CA","{4861,4861,4861,4861,4861,4861,4861,4861,4862,4861,4861}"
"Windsor, Ontario, Canada","{1092,1092,1092,1092,1092,1092,1092,1092,1092,305,1092}"
"Saskatoon, Saskatchewan, CA","{4879,4879,4879,4879,4879,4879,4879,4879,4879,4879}"
"Vaughan, Ontario, CA","{712,712,712,712,712,712,4888,712,712}"
"Gatineau, Quebec, CA","{838,838,838,838,838,838,838,838,838,838,838,838,838,838,838,838,838,838,90}"
"Longueuil, Quebec, CA","{4902,4902,4902,4902,4902,4902,4902,4902,4902,4902,4902,4902,4902,4903,4902}"
"Mississauga, Ontario, CA","{4829,4829,4829,4829,4830,4829,4829,4829,4829,4829,4829,4829}"
"Winnipeg, Manitoba, CA","{744,744,744,744,744,744,744,744,744,744,744,744,744,744,707,744}"
"Edmonton, Alberta, CA","{226,226}"
"Hamilton, Ontario, CA","{4841,4841,4841,4841,4841,4841,4841,4841,4841,4841,4841,4841,4840,4841,4841}"
"Calgary, Alberta, CA","{193,193}"
"Quebec City,  Quebec, CA","{4845,4844,4844,4844,4844,4844,4844,4844,4844,4844,4844,4844,4844,4844,4844,4844,4844,4844,4844,4844,4844}"
"Laval, Quebec, CA","{4851,4851,4851,4851,4851,4851,4851,4851,4852,4851,4851,4851,4851,4851,4851,4851,4851,4851,4851,4851,4851,4851}"
"Halifax, Nova Scotia, CA","{4855,4856,4856,4856,4856,4856,4856,4856,4856,4856,4856,4856,4856,4856,4856,4856,4856}"
"London, Ontario, CA","{4859,4859,4859,4859,4859,4859,4859,4859,4859,4859,4859,4859,4860,4859}"
"Markham, Ontario, CA","{4883,4884,4884,4884,4884,4884,4884,4884,4884,4884,4884,4884,4884}"
"Kitchener, Ontario, CA","{4872,4872,4872,4873,4872,4872,4872,4872,4872,4872,4872}"
"Surrey, British Columbia, CA","{4849,4849,4849,4849,4848,4849,4849,4849,4849}"
"Burnaby, British Columbia, CA","{4908,4908,4908,4908,4908,4909,4908,4908,4908}"
"Cochise County, Arizona, US","{2725,2725,2725}"
"Brampton, Ontario, Canada","{4837,4837,4837,4837,4836,4837,4837,4837,4837,4837,4837}"
"Trois-Rivi√®res, Qu√©b√©c, Canada","{5023,5023,5023,5023,5023,5023,5023,5023,5023,5023,5023,5022,5023,5023,5023}"
"Saguenay, Qu√©b√©c, Canada","{5017,5017,5016,5017,5017,5017,5017,5017,5017,5017,5017,5017,5017,5017,5017,5017}"
"L√©vis, Qu√©b√©c, Canada","{5010,5010,5010,5010,5010,5010,5010,5010,5010,5010,5010,5010,5009,5010,5010,5010}"
"Burlington, Ontario, CA","{5045,5044,5045,5045,5045,5045,5045}"
"Oakville, Ontario, CA","{5041,5041,5041,5041,5041,5041,5041,5040,5041,5041,5041,5041,5041,5041,5041}"
"Richmond, British Columbia, CA","{5035,5035,5035,5035,5035,5035,5035,5034,5035}"
"Greater Sudbury, Ontario, CA","{5049,5049,5049,5049,5049,5049,5049,5049,5049,5049,5049,5049,5048}"
"Sherbrooke, Qu√©b√©c, CA","{5013,5012,5013,5013,5013,5013,5013,5013,5013,5013,5013,5013,5013,5013,5013,5013,5013}"
"Oshawa, Ontario, CA","{5053,5053,5053,5052,5053,5053,5053,5053,5053,5053,5053}"
"Barrie, Ontario, CA","{5058,5058,5058,5058,5058,5058,5058,5058,5058,5058,5057}"
"Abbotsford, British Columbia, CA","{5062,5062,5062,5062,5062,5062,5062,5061,5062}"
"Coquitlam, British Columbia, CA","{5066,5066,5066,5066,5066,5066,5066,5066,5066}"
"St. Catharines, Ontario, CA","{5070,5070,5070,5070,5070,5070,5069,5070,5070,5070,5070,5070,5070}"
"Guelph, Ontario, CA","{5075,5075,5075,5075,5075,5075,5075,5075,5075,5075,5075,5074,5075}"
"Cambdrige, Ontario, CA","{5078,5079,5079,5079,5079,5079,5079,5079,5079}"
"Whitby, Ontario, CA","{5082,5082,5082,5082,5082,5082,5082,5082,5083}"
"Kelowna, British Columbia, CA","{5089,5089,5089,5089,5089,5089,5088,5089,5089}"
"Thunder Bay, Ontario, CA","{4825,4825,4825,4825,5181,4825,4825,4825,4825,4825,4825,4825,4825}"
"Chatham-Kent, Ontario, CA","{5173,5173,5173,5173,5173,5173,5173,5173,5173,5173,5173,5173,5173,5173,5172,5173,5173,5173}"
"Delta, British Columbia, CA","{5169,5169,5169,5168,5169,5169,5169}"
"Waterloo, Ontario, CA","{5164,5164,5165,5164,5164,5164,5164,5164}"
"St. John's, Newfoundland and Labrador, CA","{5161,5161,5161,5161,5161,5161,5161,5161,5161,5161,5161}"
"Milton, Ontario, CA","{5155,5155,5155,5155,5154,5155,5155,5155,5155}"
"Ajax, Ontario, CA","{5135,5135,5135,5135,5134,5135,5135}"
"Kingston, Ontario, CA","{5131,5131,5131,5131,5131,5131,5131,5131,5130,5131,5131,5131,5131}"
"Richmond Hill, Ontario, CA","{5126,5126,5126,5126,5126,5126,5125,5126,5126}"
"Terrebonne, Qu√©b√©c, Canada","{5027,5026,5027,5027,5027,5027,5027,5027,5027,5027,5027,5027,5027,5027,5027,5027,5027}"
"Langley, British Columbia, CA","{5140,5139,5140,5140,5140,5140,5140,5140,5140}"
"Saanich, British Columbia, CA","{5150,5150,5150,5150,5150,5149,5150,5150,5150}"
"Los Angeles County, California, US","{1048,1048,1048,1048,1048}"
"Albany County, New York, US","{5253,5253,5252,5253,5253,5253,5253,5253,5253,5253,5253,5253,5253,5253,5253,5253,5253,5253,5253,5253,5253,5253,5253,5253,5253,5253,5253,5253,5253,5253,5253,5253,5253,5253,5253,5253,5253,5253,5253,5253}"
"Albany, New York, US","{2319,2319,2319,2319,2319,2319,2319,2319,2319,2319,2319,2319,2319,2319,2319,2319}"
"Ramsey County, Minnesota, US","{5434,5434,5434,5434,5434,5434,5434}"
"West Jordan, Utah, US","{3206,3206,3206,3206,5443,3206,3206,3206}"
"Lafayette, Louisiana, US","{5187,5187,5187,5187,5187}"
"Savannah, Georgia, US","{2867,2868,2868,2868,2868,2868,2868,2868,2868}"
"Fairfax County, Virginia, US","{5485,5485,5485,5485,5485,5485,5485,5485,5485,5485}"
"Loudoun County, Virginia, US","{5486,5486,5486,5486,5486,5486,5486,5486,5486}"
"Napa County, California, US","{5588,5588,5588,5588,5588}"
"Tuscaloosa, Alabama, US","{5738,5738,5738,5738,5738,5738,5737,5738}"
"Vacaville, California, US","{5763,5763,5763,5763,5763,5763,5763}"
"Meridian, Idaho, US","{5767,5767,5767,5768,5767,5767,5767}"
"Carmel, Indiana, US","{5782,5782,5782,5782,5782,5782,5782,5782,5781,5782}"
"Sparks, Nevada, US","{5787,5787,5787,5787,5786,5787}"
"Bend, Oregon, US","{5834,5834,5834,5834,5834,5834,5834}"
"Allen, Texas, US","{5836,5836,5836,5836,5836,5836,5836}"
"Edinburg, Texas, US","{5843,5843,5843,5843}"
"League City, Texas, US","{5845,5845,5845,5845,5845,5845,5845,5845}"
"Sugar Land, Texas, US","{5847,5847,5847,5847,5847,5847,5847}"
"Spokane Valley, Washington, US","{5849,5849,5849,5849,5849,5849,5849}"
"Saskatoon, Saskatchewan, CA","{4880}"
"Lakewood, New Jersey, US","{5831,5831,5831,5831,5831}"
"Pennsylvania, US","{421,645,421,421,645,645,421,421,421,645,421,645,421,421,421,645,421,645,645,421,645,645,421,645,645,645,421,645,421,421,645,421,505,421,645,421,645,645,645,421,421,421,421,421,645,645,645,645,645,645,421,421,645,645,645,645,421,645,645,421,7385,421,645,645,421,7385,421,645,645,645,645,645,645,645,645,645,645,645,645,645,421,645,645,645,645,645,645,645,645,645,645,645,645,645,645,645,645,645,645,645,645,645,645,7385,645,645,645,645,645,645,645,645,645,645,645,645,645,645,645,645,645,645,645,645,645,421,645,645,645,645,645,645,645,645,645,645,645,645,645,645,645,645,645,645,645,645,645,645,645,645,645,645,645,645,645,645,645,676,7384,2586,421,645,645,645,7383,645,645,645,645,645,7381,645,645,645,645,645,645,645,645,645,645,7380,7379,645,645,7378,645,645,791,645,645,645,645,645,645,645,645,421,645,645,645,645,645,645,645,645,645,645,645,645,645,645,645,645,421,645,421,421,726,645,645,645,421,645,645,645,645,645,421,421,645,645,645,645,645,421,645,645,645,645,645,645,645,645,645,421,645,421,645,645,645,645,645,421,421,645,421,421,645,645,421,645,645,645,421}"
"Santa Clara County, California, US","{6635,6635,6635,6635,6635}"
"San Diego, California, US","{210,210,210,210,210,210,210,210,210,295}"
"San Diego County, California, US","{6670,6670,6670,6670,6670}"
"Orange County, California, US","{6677,6677,6677,6677,6677}"
"Ventura County, California, US","{6685,6685,6685,6685,6685}"
"Alameda County, California, US","{6688,6688,6688,6688,6688}"
"Contra Costa County, California, US","{6695,6695,6695,6695,6695}"
"Marin County, California, US","{6703,6703,6703,6703,6703}"
"San Mateo County, California, US","{6708,6708,6708,6708,6708}"
"Solano County, California, US","{6714,6714,6714,6714,6714}"
"Sonoma County, California, US","{6716,6716,6716,6716,6716}"
"Sacramento County","{6718,6718,6718,6718,6718}"
"Wales, UK","{687,687,687,687,687,687,687,687,687,687,687,687,687,687,687,687,687,687,687,687,687,687,687,687,687,687,687,687,687,687,687,687,687,687,687,687,687,687,687,687,687,687,687,687,687,687,687,687,687,687,687,687,687,687,687,687,687,687,687,687}"
"Scotland, UK","{212,212,212,212,212,212,212,212,212,212,212,212,212,212,212,212,212,212,212,212,212,212,212,212,212,212,212,212,212,212,212,212,212,212,212,212,212,212,212,212,212,212,212,212,212,212,212,212,212,212,212,212,212,212,212,212,212,212,212,212,212,212,212,212,212,212,212,212,212,212,212,212,212,212,212,212,212,212,212,212,212,212,212,212,212,212,212,212,212,212,212,212,212,212,212,212,212,212,212,212,212,212,212,212,212,212,212,212,212,212,212,212,212,212,212,212,212,212,212,212,212,212,212,212,212,212,212,212,212}"
"Northern Ireland, UK","{879,879,879,879,879,879,879,879,879,879,879,879,879,879,879,879,879,879,879,879,879,879,879,879,879,879,879,879,879,879,879,879,879,879,879,879,879,879,879,879,879,879,879,879,879,879,879,879,879,879,879,879,879,879,879,879,879,879,879,879,879,879,879,879,879,879,879,879,879,879,879,879,879,879,879,879,879,879,879,879,879,879,879,879,879,879,879,879,879,879}"
"Wilmington, Delaware, US","{827}"
